Age,Gender,Weight (kg),Height (m),Workout_Type,Session_Duration (hours),Max_BPM,Avg_BPM,Resting_BPM,Calories_Burned,Fat_Percentage,Water_Intake (liters),Workout_Frequency (days/week),Experience_Level,BMI
56,Male,88.3,1.71,Yoga,1.69,180,157,60,1313,12.6,3.5,4,3,30.2
46,Female,74.9,1.53,HIIT,1.3,179,151,66,883,33.9,2.1,4,2,32
32,Female,68.1,1.66,Cardio,1.11,167,122,54,677,33.4,2.3,4,2,24.71
25,Male,53.2,1.7,Strength,0.59,190,164,56,532,28.8,2.1,3,1,18.41
38,Male,46.1,1.79,Strength,0.64,188,158,68,556,29.2,2.8,3,1,14.39
56,Female,58,1.68,HIIT,1.59,168,156,74,1116,15.5,2.7,5,3,20.55
36,Male,70.3,1.72,Cardio,1.49,174,169,73,1385,21.3,2.3,3,2,23.76
40,Female,69.7,1.51,Cardio,1.27,189,141,64,895,30.6,1.9,3,2,30.57
28,Male,121.7,1.94,Strength,1.03,185,127,52,719,28.9,2.6,4,2,32.34
28,Male,101.8,1.84,Cardio,1.08,169,136,64,808,29.7,2.7,3,1,30.07
41,Male,120.8,1.67,HIIT,0.82,188,146,54,593,20.5,3,2,1,43.31
53,Male,51.7,1.7,HIIT,1.15,175,152,72,865,23.6,3.5,3,2,17.89
57,Male,112.5,1.61,Cardio,1.24,195,165,61,1013,22.1,2.7,3,2,43.4
41,Male,94.5,2,HIIT,1.18,179,136,69,794,27.6,3.7,3,1,23.62
20,Male,117.7,1.81,Yoga,1.35,196,161,54,1195,26.4,3.3,3,2,35.93
39,Female,42.5,1.75,Strength,1.13,181,131,52,740,26.2,2.1,2,1,13.88
19,Female,64,1.53,HIIT,1.33,166,167,58,1111,29.8,2.3,3,2,27.34
41,Female,43.8,1.77,Cardio,1.19,182,165,58,884,31.9,1.6,3,1,13.98
47,Female,66.8,1.75,Strength,1.13,199,146,56,742,32.8,2.5,3,2,21.81
55,Female,75.2,1.67,HIIT,1.37,188,167,51,1030,25.2,2.2,2,1,26.96
19,Male,89,1.77,Strength,1.5,175,127,72,1048,28.9,3.7,4,2,28.41
38,Male,71.9,1.77,Cardio,1.12,197,142,72,875,25.7,3.1,2,1,22.95
50,Female,71,1.68,Yoga,1.17,187,161,70,848,33.1,2.5,2,1,25.16
29,Male,120.9,1.78,Yoga,0.78,197,168,65,721,28.1,3.4,2,1,38.16
39,Female,64.3,1.69,HIIT,1.25,190,148,58,925,26.9,1.9,4,2,22.51
42,Female,63.7,1.71,Yoga,1.42,173,169,62,1080,26.1,1.8,3,2,21.78
44,Male,65.2,1.8,HIIT,0.73,192,139,68,502,27.2,2.7,2,1,20.12
59,Male,53.9,1.75,Strength,1.48,168,135,69,989,21.6,2.8,4,2,17.6
45,Male,84.9,1.86,HIIT,1.64,186,136,66,1104,14.2,3.5,5,3,24.54
33,Female,78,1.68,HIIT,1.29,183,135,55,871,32.3,1.8,3,2,27.64
32,Male,108.2,1.8,HIIT,1.27,172,138,53,964,28.4,3.5,3,1,33.4
20,Female,65.4,1.52,Yoga,1.03,185,127,50,654,28,2.2,4,2,28.31
54,Female,50.2,1.61,HIIT,1.48,188,157,67,1046,28.2,2.7,2,1,19.37
24,Female,58.9,1.51,Cardio,1.04,187,157,68,816,31.7,2.5,2,1,25.83
38,Male,81.4,1.71,HIIT,1.52,187,148,58,1237,10.2,3.5,5,3,27.84
26,Male,127.6,1.73,Strength,1.32,167,160,62,1162,27.3,2.9,3,1,42.63
56,Female,59.3,1.56,Cardio,1.26,182,155,57,879,33.4,2.6,4,2,24.37
35,Male,96.9,1.71,Strength,1.34,188,145,72,1069,24.2,2.9,3,2,33.14
21,Male,62.6,1.81,Strength,1.3,164,150,62,1072,27.6,3.5,4,2,19.11
42,Male,45.5,1.6,Strength,1.31,166,163,64,1057,21.7,2.6,3,2,17.77
31,Female,48.8,1.51,Cardio,1.48,195,131,60,969,28.2,2,2,1,21.4
26,Female,44.3,1.6,Cardio,1.08,186,136,61,734,34.7,2,3,1,17.3
43,Male,113.2,1.83,Yoga,1.45,161,134,63,962,29.9,2.9,4,2,33.8
19,Female,60.5,1.59,Cardio,1.14,184,128,53,730,30.1,2.2,2,1,23.93
37,Male,124.2,1.76,HIIT,1.5,168,158,50,1304,29.3,2.8,2,1,40.1
45,Male,52.4,1.85,Strength,1.2,186,161,73,956,25.2,2.5,3,1,15.31
24,Male,54.7,1.74,Yoga,0.84,160,167,53,772,22.9,3.6,3,1,18.07
25,Male,88.1,1.95,Cardio,1.41,182,131,68,1016,22.7,3,2,1,23.17
52,Female,59.7,1.71,Strength,1.23,169,151,58,836,34.3,2,3,1,20.42
31,Female,79.7,1.54,Cardio,1.03,184,144,59,742,26.7,2.3,4,2,33.61
34,Female,51,1.62,Yoga,1.42,162,158,53,1122,30.8,2.4,3,2,19.43
53,Male,84.2,1.76,Cardio,1.67,165,137,69,1133,12.8,3.5,5,3,27.18
57,Male,122.1,1.89,Cardio,1.13,165,134,58,750,27.4,3.6,3,1,34.18
21,Male,96.7,1.72,Strength,1.26,161,151,62,1046,25,2.8,3,1,32.69
19,Female,73,1.79,HIIT,0.81,177,125,61,506,27.7,1.6,3,1,22.78
23,Male,114.8,1.6,Cardio,1.47,182,163,60,1318,21.7,2.7,4,2,44.84
59,Female,65.5,1.52,Yoga,1.4,161,162,61,1021,31.2,2.1,3,2,28.35
21,Female,50.3,1.52,Cardio,1.08,171,154,67,832,32.2,2.6,3,1,21.77
46,Female,61,1.71,Cardio,1.67,181,153,61,1150,17.8,2.7,4,3,20.86
35,Female,44.6,1.62,HIIT,0.56,196,157,65,440,32.4,2,2,1,16.99
43,Female,58.2,1.61,Strength,1.04,179,124,54,580,26.4,2.6,3,2,22.45
51,Female,44.8,1.63,Yoga,1.08,198,137,69,666,33.8,2.1,4,2,16.86
27,Male,87.5,1.63,Strength,1.75,183,135,74,1299,12.9,3.5,5,3,32.93
53,Male,51.8,1.74,Strength,1.23,179,127,61,773,21.3,3.7,3,2,17.11
31,Female,64.4,1.7,Strength,1.97,160,144,70,1418,17.3,2.7,5,3,22.28
48,Female,67.1,1.61,Cardio,0.62,160,151,74,421,33.4,1.5,2,1,25.89
32,Male,85.9,1.6,HIIT,1.99,176,145,60,1587,14.5,3.5,5,3,33.55
25,Female,65.4,1.77,Cardio,0.89,160,141,58,627,27.6,2.6,3,1,20.88
31,Female,61.1,1.76,Yoga,1.81,189,150,67,1358,18.6,2.7,4,3,19.72
40,Male,106.5,1.65,HIIT,1.32,162,162,74,1176,21,3.6,4,2,39.12
57,Female,64,1.52,Strength,1.73,170,129,52,1004,15.2,2.7,5,3,27.7
38,Female,61.4,1.54,HIIT,1.47,183,131,69,963,30.6,2.7,3,2,25.89
33,Female,40.5,1.63,Yoga,1.07,181,147,66,786,31.9,1.5,4,2,15.24
35,Male,70.1,1.79,Cardio,1.08,185,125,63,743,28,2.3,3,2,21.88
41,Male,94.1,1.62,Cardio,1.13,172,139,50,777,23.4,3.1,4,2,35.86
43,Male,55.5,1.82,Strength,1.08,160,124,66,663,20.1,2,3,1,16.76
42,Female,53.7,1.72,Cardio,1.37,183,142,74,875,29.8,1.6,3,1,18.15
58,Female,66.1,1.75,Cardio,0.63,169,128,57,363,25.2,1.8,2,1,21.58
46,Male,103.9,1.77,Yoga,1.18,194,148,54,864,20.9,2.9,2,1,33.16
32,Female,61.7,1.58,HIIT,1.87,183,135,54,1262,16.6,2.7,5,3,24.72
18,Female,52.3,1.74,Cardio,1.2,187,165,58,990,29.4,2.2,2,1,17.27
42,Female,59.5,1.74,Yoga,1.78,195,141,52,1129,16.4,2.7,5,3,19.65
24,Female,72.9,1.76,Yoga,0.86,175,127,68,546,30.8,1.5,3,1,23.53
26,Female,76.7,1.63,Strength,1.08,199,139,72,751,25.6,1.7,2,1,28.87
41,Male,72.1,1.83,Yoga,1.13,175,133,58,744,21.4,2.8,3,2,21.53
18,Female,54.8,1.68,Strength,1.27,176,158,71,1003,32,2.2,4,2,19.42
25,Male,105,1.88,Cardio,1.34,174,156,67,1150,21.4,2.3,3,2,29.71
41,Female,55,1.55,Strength,1.45,175,169,65,1103,31.4,2,4,2,22.89
28,Male,81.6,1.66,Yoga,1.09,174,153,50,917,20.5,3.5,4,2,29.61
34,Female,75.6,1.6,HIIT,0.64,193,130,51,416,29.1,2.7,2,1,29.53
25,Male,81.5,1.61,HIIT,1.93,170,159,63,1688,10.9,3.5,4,3,31.44
52,Female,61.5,1.69,Cardio,1.8,160,152,63,1231,15.5,2.7,4,3,21.53
52,Male,74,1.63,Cardio,1.26,174,150,50,936,25.7,3.7,3,2,27.85
50,Female,56.4,1.59,HIIT,1.26,185,163,74,924,34.3,2.6,3,1,22.31
22,Male,102.6,1.84,Strength,1.25,163,153,65,1052,20.5,2.7,3,2,30.3
59,Female,54.6,1.57,Cardio,0.58,164,169,64,441,29.2,2.3,3,1,22.15
56,Male,129,1.78,Yoga,1.29,194,126,64,805,27.1,2.7,2,1,40.71
58,Male,103.5,1.66,Cardio,1.33,172,168,61,1106,24.6,3.1,3,1,37.56
45,Female,59.4,1.51,Strength,1.15,169,142,65,735,33.1,1.9,4,2,26.05
24,Female,60.1,1.79,Cardio,1.97,170,165,63,1625,15.9,2.7,4,3,18.76
26,Male,77.7,1.62,Yoga,1.16,177,126,73,804,29.6,3,3,2,29.61
25,Female,41.2,1.62,Yoga,1.49,193,144,64,1073,28.9,2.1,4,2,15.7
29,Male,58.6,1.61,Yoga,1.2,198,122,72,805,23.4,2,3,2,22.61
51,Male,109.3,1.78,Strength,0.54,182,157,64,420,28.7,3.3,3,1,34.5
50,Male,69.6,1.96,Strength,0.97,166,139,68,667,25.6,2,3,1,18.12
40,Female,56.2,1.79,Yoga,1.79,198,153,57,1369,17.6,2.7,5,3,17.54
41,Male,71.7,1.96,Yoga,0.51,162,168,51,424,27.3,2.5,2,1,18.66
54,Male,86,1.93,Strength,1.74,171,163,51,1404,12.9,3.5,5,3,23.09
52,Female,79.4,1.59,Strength,1.39,166,163,59,1020,26.6,1.5,3,2,31.41
57,Female,78.4,1.62,Strength,1.01,185,149,52,677,31.7,2,4,2,29.87
39,Female,55.4,1.6,HIIT,1.44,192,136,72,979,26.3,1.6,3,2,21.64
44,Female,61.7,1.55,Strength,1.41,196,129,66,819,33.1,2.6,4,2,25.68
52,Male,85.5,1.82,Yoga,1.78,174,154,57,1357,14.9,3.5,4,3,25.81
18,Male,87.6,1.93,HIIT,1.72,161,139,72,1315,11.9,3.5,4,3,23.52
52,Male,82.4,1.72,Strength,1.01,166,137,53,685,24.4,2.7,4,2,27.85
54,Male,67,1.68,Yoga,0.55,191,164,63,446,20.5,2.8,3,1,23.74
31,Female,42.3,1.6,Cardio,1.09,163,163,70,888,25.1,1.9,3,2,16.52
20,Male,82.7,1.99,HIIT,1.69,179,146,59,1357,14.6,3.5,5,3,20.88
18,Male,92.4,1.74,Yoga,1.41,195,168,50,1303,21.3,3.1,2,1,30.52
22,Female,63.2,1.54,Cardio,1.02,191,155,53,790,29.5,2.4,4,2,26.65
43,Male,82.7,1.85,Yoga,1.22,187,142,50,858,28.2,3.1,4,2,24.16
31,Male,86.6,1.76,Strength,1.29,172,151,66,1071,28.9,3.3,3,2,27.96
56,Male,129.5,1.95,Strength,1,160,129,66,639,25.2,3.5,2,1,34.06
44,Male,98,1.83,Cardio,1.28,194,130,56,824,25.7,3.5,4,2,29.26
26,Male,86.2,1.68,Strength,1.97,189,157,72,1701,13.3,3.5,5,3,30.54
32,Male,78.6,1.62,Yoga,1.28,195,125,69,880,29.6,3.1,3,1,29.95
32,Female,59,1.66,Cardio,0.51,184,160,64,408,31,1.8,2,1,21.41
43,Female,57.3,1.79,Yoga,1.98,175,166,62,1479,17.8,2.7,4,3,17.88
59,Male,122.3,1.89,Yoga,0.66,178,153,51,500,20.1,3.1,3,1,34.24
30,Male,85.3,1.95,Yoga,1.61,160,155,68,1373,10.4,3.5,5,3,22.43
49,Female,45.2,1.74,Strength,1.24,164,156,73,870,30.8,2.1,3,2,14.93
56,Male,55.6,1.92,Strength,0.68,181,136,62,458,29.4,3.2,3,1,15.08
49,Male,82.8,1.95,Yoga,1.91,183,159,73,1503,14.3,3.5,5,3,21.78
21,Male,125.2,1.66,HIIT,1.38,196,159,60,1207,29.8,3.4,3,2,45.43
47,Female,58.5,1.79,Yoga,1.42,195,131,71,837,30.3,2.4,4,2,18.26
54,Male,86.1,1.95,Yoga,1.17,195,140,64,811,27.9,3.4,2,1,22.64
40,Female,63.5,1.61,Cardio,1.31,163,159,59,1041,33.4,1.6,3,2,24.5
56,Male,69.3,1.68,Yoga,0.66,195,138,58,451,26.5,2.1,2,1,24.55
32,Female,70.5,1.62,Strength,1.24,177,122,58,756,28.4,1.8,2,1,26.86
46,Female,60.1,1.65,Cardio,1.69,175,137,69,1042,17.3,2.7,4,3,22.08
53,Male,94.1,1.95,HIIT,0.89,177,138,50,608,28.6,3.5,3,1,24.75
30,Female,79.2,1.62,Cardio,1.26,181,166,66,1046,28,2.5,4,2,30.18
49,Male,115.3,1.91,HIIT,1.38,161,125,61,854,29.2,3.2,2,1,31.61
24,Female,62.9,1.79,Cardio,1.42,180,135,59,958,27.3,2.3,4,2,19.63
39,Male,62,1.64,Cardio,0.97,195,127,54,678,27.5,3.2,3,1,23.05
45,Male,88.5,1.78,HIIT,1.53,198,167,67,1265,13.2,3.5,4,3,27.93
19,Female,73.9,1.77,Strength,1.28,198,137,64,877,32.5,2.6,3,2,23.59
59,Male,50.3,1.95,Strength,1.07,188,167,55,885,24.4,3.4,3,1,13.23
23,Male,83.1,1.8,Strength,0.7,185,162,56,624,29.3,3.1,3,1,25.65
45,Female,65.1,1.78,Cardio,1.46,180,158,66,1038,31.3,2.3,3,1,20.55
45,Male,46.6,1.79,Yoga,1.46,176,168,55,1214,22.9,2.4,3,2,14.54
37,Male,103.5,1.89,Cardio,0.54,175,168,57,499,26.4,3.1,2,1,28.97
47,Female,61.9,1.54,Yoga,1.95,190,131,61,1150,16.4,2.7,4,3,26.1
28,Female,52,1.61,Yoga,1.32,168,164,70,1082,27.9,2,3,2,20.06
45,Male,113.4,1.71,Strength,0.83,190,129,63,530,24,2.3,2,1,38.78
42,Male,62.9,1.98,Yoga,1.42,173,126,61,886,28.5,3.4,4,2,16.04
56,Female,40.4,1.8,Cardio,1.23,196,165,72,913,30,2.1,4,2,12.47
50,Female,67.1,1.75,Cardio,0.67,161,120,59,362,31.8,2.7,3,1,21.91
18,Male,70,1.61,Strength,1.3,173,168,71,1201,23.9,2.5,2,1,27.01
44,Female,69.5,1.75,HIIT,1.02,192,155,69,711,27.6,2.1,3,1,22.69
30,Male,107.9,1.66,Cardio,1.08,194,140,64,832,29.5,2.8,3,2,39.16
58,Male,109,1.91,Yoga,1.49,198,156,56,1151,26,2.2,3,2,29.88
20,Male,101,1.91,Cardio,1.36,179,143,58,1070,29.3,2.7,3,2,27.69
56,Male,88.5,1.85,Cardio,1.57,161,144,59,1119,11,3.5,4,3,25.86
23,Male,80.9,1.8,Cardio,1.55,178,126,59,1074,10.7,3.5,4,3,24.97
25,Female,43.1,1.62,HIIT,1.04,196,161,65,837,33.6,1.8,4,2,16.42
44,Female,59.1,1.52,Yoga,1.58,177,136,56,967,18.4,2.7,5,3,25.58
26,Female,54,1.53,Strength,1.14,175,148,54,844,26.9,1.7,3,1,23.07
54,Female,72.3,1.78,Cardio,1.27,163,149,72,852,27.7,1.8,2,1,22.82
50,Male,51.1,1.98,Yoga,0.92,171,126,52,574,28,2.4,2,1,13.03
59,Male,89.4,1.72,Yoga,1.08,188,152,67,813,24.5,3.2,3,1,30.22
41,Male,51.5,1.8,Strength,1.09,166,126,60,680,26.7,2.1,4,2,15.9
32,Male,87.9,1.88,Cardio,1.52,173,143,64,1195,11.6,3.5,5,3,24.87
49,Female,42,1.52,HIIT,1.1,171,130,70,644,28.8,2.2,3,1,18.18
49,Male,79.2,1.72,Yoga,1.46,194,128,69,925,29.9,3.3,3,1,26.77
41,Male,64.8,1.71,Strength,1.2,164,131,54,778,22.5,2.8,3,2,22.16
58,Female,63,1.78,HIIT,1.58,176,154,73,1095,17.5,2.7,4,3,19.88
29,Female,56.2,1.77,Yoga,0.68,191,123,61,418,33.4,2.6,3,1,17.94
56,Female,52.9,1.64,Cardio,1.1,169,155,53,767,27.4,2.3,3,2,19.67
19,Female,49,1.69,Yoga,1.05,176,147,64,772,29.2,2.4,3,1,17.16
20,Male,128.2,1.84,HIIT,0.83,164,132,58,603,26.2,2.3,3,1,37.87
54,Male,83.6,1.86,HIIT,1.54,168,142,56,1082,12.4,3.5,5,3,24.16
34,Female,56.2,1.77,Cardio,1.81,192,138,59,1249,17.3,2.7,5,3,17.94
19,Male,87.8,1.78,Cardio,1.28,195,161,72,1133,23.6,3.3,2,1,27.71
19,Male,85.9,1.85,Strength,1.66,195,156,62,1424,12.9,3.5,4,3,25.1
45,Male,51.1,1.87,Cardio,1.44,177,158,57,1126,26.2,3.4,4,2,14.61
40,Female,57.4,1.71,Strength,1.87,168,143,61,1337,18.3,2.7,5,3,19.63
54,Male,114.9,1.92,HIIT,1.2,188,135,71,802,20.7,2.6,4,2,31.17
49,Female,62.1,1.66,HIIT,1.37,173,152,73,937,31.3,1.8,3,2,22.54
50,Male,57.1,1.91,Yoga,1.09,184,131,68,707,29.5,2.7,4,2,15.65
18,Male,68.1,1.8,Yoga,1.1,174,153,50,926,25.4,3.3,4,2,21.02
36,Male,69.2,1.65,Strength,1.23,165,126,65,852,27.2,2.7,3,1,25.42
19,Female,65.2,1.52,Cardio,1.23,188,130,71,800,30.6,2.4,3,1,28.22
43,Male,108.6,1.73,Cardio,1.33,174,150,66,988,28.5,2.2,2,1,36.29
49,Female,40,1.65,Yoga,1.03,188,148,74,686,34.3,2.5,3,2,14.69
23,Female,41.9,1.58,HIIT,0.56,163,132,67,370,26.8,1.8,3,1,16.78
49,Female,68.3,1.52,Strength,1.45,177,150,60,979,29.4,1.8,4,2,29.56
21,Male,88.4,1.6,HIIT,1.71,198,121,67,1138,12,3.5,4,3,34.53
28,Male,66,1.9,HIIT,1.18,175,158,56,1025,24.1,3,3,1,18.28
34,Male,71.9,1.64,Cardio,1.26,170,134,67,929,21.3,2.1,4,2,26.73
55,Male,75.6,1.71,Strength,1.03,173,130,57,663,28.1,2,4,2,25.85
41,Female,63.4,1.59,HIIT,1.84,162,153,55,1267,15.2,2.7,5,3,25.08
22,Female,71.6,1.77,Yoga,1.49,197,158,56,1177,30.3,1.8,3,1,22.85
51,Female,57.4,1.77,Yoga,1.08,177,123,72,598,31.6,2.1,4,2,18.32
23,Male,83.8,1.99,Cardio,1.79,179,130,71,1280,11,3.5,4,3,21.16
39,Female,55.9,1.71,Yoga,1.95,184,148,59,1443,19.5,2.7,5,3,19.12
28,Male,87,1.76,Yoga,1.2,197,121,60,799,28.4,3.5,3,2,28.09
33,Female,65.3,1.71,HIIT,1.18,172,135,74,796,29.7,2.5,4,2,22.33
50,Male,45.4,1.67,Yoga,1.37,163,158,62,1071,24.1,2.8,4,2,16.28
26,Male,87.1,1.87,Yoga,1.71,173,132,58,1241,11.2,3.5,4,3,24.91
23,Female,78.6,1.73,HIIT,1.47,192,156,56,1147,32.3,1.5,4,2,26.26
33,Female,78,1.71,Cardio,1.08,187,136,58,734,26.3,2.1,3,1,26.67
46,Female,58,1.53,Cardio,1.83,196,140,62,1153,18.4,2.7,4,3,24.78
20,Female,71.3,1.69,Strength,1.28,167,163,52,1043,33.4,2.3,3,2,24.96
37,Male,49.1,1.74,Yoga,1.11,193,138,52,842,22.3,2.6,3,2,16.22
53,Female,78.3,1.65,HIIT,1.24,164,126,50,703,33.7,1.6,3,1,28.76
36,Female,57.3,1.64,Strength,1.13,164,157,70,887,25.3,1.8,4,2,21.3
43,Female,48.4,1.61,Cardio,1.28,190,127,69,732,34.1,2.4,2,1,18.67
20,Male,76.4,1.62,Cardio,1.35,168,132,51,980,21.2,2.6,4,2,29.11
36,Male,110.2,1.77,HIIT,1.19,191,156,74,1021,26.5,3.4,2,1,35.18
37,Female,72.9,1.76,Strength,1.21,192,121,52,732,27.5,1.9,3,2,23.53
49,Male,82.1,1.86,Strength,1.87,162,160,64,1481,14.2,3.5,4,3,23.73
24,Female,58.9,1.76,HIIT,0.63,189,130,73,410,30.1,1.7,3,1,19.01
58,Male,82.2,1.87,HIIT,1.57,171,143,55,1111,10.7,3.5,4,3,23.51
50,Male,96.7,1.72,Strength,1.46,188,125,62,903,25.7,2.7,3,2,32.69
57,Male,81.4,1.86,Cardio,1.8,162,145,70,1292,12,3.5,5,3,23.53
56,Male,107.8,1.73,Yoga,1.09,185,126,50,680,26.6,2.8,3,2,36.02
35,Female,65.8,1.62,Cardio,1,189,158,69,790,33.8,1.5,4,2,25.07
57,Female,68.5,1.56,HIIT,1.45,168,138,68,900,29.1,1.6,4,2,28.15
18,Female,63.9,1.59,Strength,1.87,185,125,50,1169,16.4,2.7,4,3,25.28
28,Male,76.3,1.62,Strength,1.16,161,162,70,1034,20.1,2.3,3,2,29.07
45,Female,44.5,1.65,Yoga,1.44,162,148,71,959,30.7,1.6,3,1,16.35
42,Female,50.7,1.75,Strength,1.29,163,162,51,940,29,1.9,3,2,16.56
40,Female,55.1,1.61,Yoga,1.55,184,158,64,1224,16.9,2.7,4,3,21.26
48,Male,73.7,1.61,Cardio,1.36,172,121,63,815,21.8,3.6,4,2,28.43
47,Male,55.6,1.77,Cardio,1.2,198,138,68,820,24.3,2.9,4,2,17.75
59,Male,86.9,1.76,Strength,1.13,194,123,60,688,29.8,3.1,3,2,28.05
52,Female,60.3,1.68,Strength,1.6,182,125,64,900,16.5,2.7,4,3,21.36
24,Female,40.4,1.64,HIIT,0.99,168,168,55,832,31,1.9,2,1,15.02
33,Female,78.5,1.66,HIIT,1.29,161,156,69,1006,32.8,1.9,4,2,28.49
43,Male,102.6,1.72,Strength,0.82,190,147,58,597,27.5,2,2,1,34.68
19,Male,110.8,1.91,Strength,1.31,161,149,54,1074,23.3,2.9,2,1,30.37
18,Female,60.9,1.79,Cardio,1.11,191,126,69,699,31.1,2.1,2,1,19.01
29,Male,55.7,1.61,Strength,1.41,177,128,51,993,28.7,2.3,3,1,21.49
22,Male,110.5,1.92,HIIT,1.16,172,144,55,919,20.2,3.3,3,2,29.98
54,Male,55.2,1.71,Cardio,0.77,164,152,67,579,24.4,2.8,2,1,18.88
49,Male,46.5,1.72,Yoga,1.4,169,120,72,832,22.2,2.6,4,2,15.72
26,Female,70.9,1.66,HIIT,0.81,184,125,68,506,28.9,1.7,3,1,25.73
58,Male,74.6,1.75,HIIT,1.09,193,137,58,739,24.2,2.9,2,1,24.36
52,Male,45.1,1.72,Cardio,0.93,196,129,70,594,27.5,3.3,2,1,15.24
36,Male,99.9,1.99,Yoga,1.33,189,147,73,1075,20.9,2.5,3,1,25.23
33,Male,117,1.61,HIIT,1.04,166,130,55,744,25.1,2.4,3,2,45.14
20,Female,75.9,1.73,Strength,1.39,165,152,63,1056,30.6,2.1,4,2,25.36
37,Female,71.2,1.64,HIIT,1.11,162,120,73,666,29.9,1.7,3,2,26.47
41,Male,78.8,1.72,Cardio,1.01,172,132,62,660,27.3,3.1,4,2,26.64
50,Male,50.6,1.69,Cardio,1.31,162,156,60,1012,23.8,3,2,1,17.72
41,Male,82.5,1.79,Cardio,1.69,185,139,61,1163,14.7,3.5,4,3,25.75
28,Male,108.5,1.79,HIIT,1.33,183,120,68,878,24.8,2.1,4,2,33.86
25,Male,49.9,1.98,Yoga,1.15,165,122,68,772,25.7,2.1,3,2,12.73
53,Male,125.1,1.91,Strength,0.52,171,137,70,353,28.3,3.1,2,1,34.29
55,Female,79.7,1.66,Cardio,1.06,195,160,68,763,27.8,1.9,2,1,28.92
57,Male,126.8,1.63,Yoga,0.96,161,133,73,632,20.8,2.1,2,1,47.72
37,Female,54.6,1.57,Strength,1.31,170,150,62,982,32.1,2.4,3,1,22.15
52,Female,47.8,1.54,Cardio,1.34,198,146,63,880,29.8,1.9,3,2,20.16
42,Male,97.9,1.91,Strength,1.01,193,136,73,680,29,2.8,3,2,26.84
52,Female,63.1,1.54,Strength,1.36,185,165,67,1010,34.8,1.8,3,2,26.61
42,Female,72.4,1.69,Yoga,1.07,177,148,61,713,29,2.3,3,2,25.35
46,Female,58.9,1.7,Strength,1.52,180,155,53,1060,17.1,2.7,4,3,20.38
35,Female,50.4,1.6,Cardio,1.03,195,156,59,803,29.1,1.9,4,2,19.69
35,Female,64.2,1.59,Yoga,1.63,199,145,66,1182,16.6,2.7,5,3,25.39
19,Female,58.8,1.77,HIIT,1.4,181,136,53,952,32.8,2.7,2,1,18.77
52,Male,105.2,1.62,HIIT,1.36,189,141,61,949,27.6,3.2,3,1,40.09
33,Female,45.9,1.5,Yoga,0.92,189,144,62,662,29.8,1.7,3,1,20.4
58,Female,65.2,1.63,HIIT,1.12,167,121,53,610,25.4,2,3,2,24.54
53,Female,56.3,1.79,Strength,1.52,193,141,59,964,16.5,2.7,5,3,17.57
50,Male,90,1.7,Cardio,0.81,168,124,74,497,22.9,2.7,2,1,31.14
21,Female,60,1.7,Strength,1.97,179,123,52,1212,19.1,2.7,5,3,20.76
50,Male,51.5,1.71,Yoga,1.48,199,155,64,1136,20.9,2.9,2,1,17.61
31,Female,63.1,1.64,Cardio,1.54,184,125,51,962,19,2.7,4,3,23.46
38,Male,91.5,1.77,Yoga,0.8,178,140,74,616,26.7,3.4,2,1,29.21
37,Male,48.7,1.67,Yoga,1.39,164,132,74,1009,27.3,3,2,1,17.46
25,Female,57.8,1.56,Yoga,1.35,170,156,66,1053,29.3,1.6,3,2,23.75
24,Female,42,1.75,Strength,0.83,174,144,55,598,31.8,2.3,3,1,13.71
20,Male,128.4,1.92,Cardio,0.63,167,145,57,502,26.1,2,2,1,34.83
34,Female,74.2,1.57,Cardio,1.47,178,158,52,1161,32.7,2.4,3,1,30.1
50,Male,89.6,1.68,Cardio,1.79,182,139,74,1232,12.2,3.5,5,3,31.75
29,Male,125.9,2,Strength,1.36,186,152,67,1137,24.7,3.1,4,2,31.48
39,Male,105.5,1.99,HIIT,0.81,199,133,71,593,26.4,2.5,2,1,26.64
39,Male,93.4,1.7,Strength,1.1,191,155,50,938,21.1,2.5,4,2,32.32
47,Male,82.1,1.84,Strength,1.37,185,136,65,922,24.4,3.4,4,2,24.25
55,Female,42.9,1.69,Yoga,0.9,186,140,56,567,34.7,2.4,2,1,15.02
55,Male,128.4,1.68,Cardio,1.13,178,165,52,923,20.4,2.6,4,2,45.49
25,Male,112.4,1.96,Cardio,1.42,188,135,72,1054,23.2,2.5,2,1,29.26
44,Female,77.7,1.79,HIIT,1.41,198,165,53,1047,28.1,2.2,3,1,24.25
44,Male,89.3,1.99,HIIT,1.4,192,135,58,936,26.3,2,4,2,22.55
51,Female,70.3,1.55,Yoga,1.4,178,139,54,876,26.1,1.6,3,1,29.26
38,Female,59.1,1.72,Cardio,1.07,196,148,68,792,31.3,1.7,3,2,19.98
47,Female,49.9,1.69,HIIT,1.48,178,147,64,979,26,1.7,3,2,17.47
50,Male,101.7,1.67,HIIT,0.53,192,127,57,333,20.9,2.9,2,1,36.47
45,Male,93,1.91,Cardio,1.03,175,143,55,729,27.3,3.7,3,2,25.49
50,Male,87.4,1.6,Strength,0.77,182,122,67,465,23.2,3.1,2,1,34.14
22,Female,55.1,1.61,HIIT,1.62,166,144,68,1166,19.9,2.7,4,3,21.26
36,Male,123.7,1.69,Cardio,1.3,185,138,73,987,20.4,2.1,4,2,43.31
21,Female,61.3,1.57,HIIT,1.94,191,152,64,1474,17.2,2.7,4,3,24.87
52,Male,72.3,1.94,Yoga,1.46,171,121,56,874,21.1,2.9,3,2,19.21
34,Female,69.2,1.53,HIIT,1.36,167,134,59,911,28.5,2.1,2,1,29.56
45,Male,81.4,1.61,Cardio,1.14,164,141,55,796,30,2.2,4,2,31.4
47,Male,84.8,1.86,HIIT,1.85,187,129,63,1181,14.4,3.5,5,3,24.51
46,Male,55.1,1.72,Yoga,1.43,164,137,66,970,20.5,3.6,3,2,18.62
23,Female,59,1.78,Yoga,1.67,185,141,58,1177,17.8,2.7,5,3,18.62
52,Female,64.9,1.51,HIIT,1.83,164,165,68,1359,18.2,2.7,4,3,28.46
58,Male,109.7,1.75,HIIT,1.01,181,168,54,840,22.1,2.7,2,1,35.82
54,Male,78.4,1.9,Yoga,0.81,174,146,72,585,21.5,3.7,2,1,21.72
41,Female,76.7,1.79,Yoga,1.4,172,132,56,832,34,2,4,2,23.94
46,Female,63.1,1.61,Strength,1,187,152,68,684,34.7,2.2,4,2,24.34
48,Female,62.9,1.58,Strength,1.98,192,124,69,1105,20,2.7,4,3,25.2
52,Male,85.6,1.74,Yoga,1.84,182,145,56,1321,13.9,3.5,4,3,28.27
50,Female,66.3,1.57,HIIT,1.25,192,132,73,742,31.6,1.6,2,1,26.9
38,Male,61.3,1.97,Cardio,1.37,177,146,51,1100,23.5,2.8,3,1,15.8
49,Female,44.1,1.65,HIIT,1.16,189,133,74,694,26.7,1.8,4,2,16.2
40,Male,63.8,1.62,HIIT,1.3,185,143,72,1022,20.8,3.4,2,1,24.31
50,Female,55.4,1.55,Strength,1.85,175,122,65,1016,18.5,2.7,4,3,23.06
20,Female,74.7,1.58,Strength,1.04,172,166,62,863,32.8,2.4,3,2,29.92
35,Female,78,1.67,Strength,1.13,198,168,57,949,33.3,2.5,4,2,27.97
42,Female,57.5,1.67,Yoga,1.14,192,149,55,764,34.1,2.4,2,1,20.62
59,Female,60.7,1.73,Yoga,1.03,185,154,55,714,33.8,2.5,3,2,20.28
48,Male,69,1.74,HIIT,1.48,160,167,58,1223,30,2.3,3,2,22.79
20,Female,75.8,1.78,HIIT,1.42,197,133,53,944,27.4,2,4,2,23.92
57,Female,75.7,1.63,Cardio,0.69,161,131,60,407,32.6,2.3,3,1,28.49
41,Female,71.2,1.64,HIIT,1.42,165,147,54,939,30.9,2.3,3,2,26.47
49,Male,85,1.68,HIIT,1.82,197,163,74,1468,11.3,3.5,4,3,30.12
39,Female,63.6,1.56,Strength,1.22,183,148,66,903,34.8,2.4,2,1,26.13
40,Male,73.2,1.94,Strength,0.81,177,162,69,722,29,2.4,2,1,19.45
19,Female,48.3,1.52,Strength,0.96,186,136,56,653,26.3,1.6,2,1,20.91
44,Female,42.8,1.78,Strength,1.49,167,159,64,1066,25.3,2.6,3,2,13.51
59,Male,88.1,1.76,Strength,1.35,187,168,74,1123,26.9,3,3,2,28.44
19,Female,72.4,1.75,Cardio,1.2,169,140,64,840,31,1.7,4,2,23.64
43,Male,73.2,1.88,Cardio,1.17,176,142,63,822,29.4,3.3,3,1,20.71
34,Male,110.5,1.86,Cardio,1.42,188,139,62,1086,22.3,3.6,2,1,31.94
57,Female,46.1,1.76,Strength,1.44,165,130,60,842,25.8,1.7,3,2,14.88
50,Male,90.8,1.71,Yoga,1.07,173,153,62,810,22.6,3.4,4,2,31.05
26,Female,59.3,1.51,Strength,1.7,181,129,71,1096,15.1,2.7,5,3,26.01
56,Female,45.1,1.73,Strength,0.83,165,129,73,482,25.4,2.6,3,1,15.07
46,Male,45,1.77,Cardio,1.48,185,162,58,1187,29.1,3.6,3,2,14.36
59,Male,89.4,1.62,Strength,1.43,198,125,59,885,23.5,3.6,3,2,34.06
43,Male,127.7,1.69,Cardio,1.14,171,155,53,875,24.1,2.9,3,2,44.71
52,Male,70.9,1.72,Strength,1.31,194,143,66,927,20.2,2.6,3,2,23.97
42,Female,49.2,1.5,HIIT,1.15,173,131,63,678,27.7,1.5,3,2,21.87
41,Female,62.3,1.79,Yoga,1.99,181,162,73,1451,19,2.7,5,3,19.44
30,Male,64.1,1.87,Yoga,0.64,182,142,67,500,26.2,2.1,2,1,18.33
24,Female,69.7,1.75,Cardio,1.41,166,146,60,1029,32.5,2,3,1,22.76
53,Female,56.9,1.59,HIIT,1.49,199,164,65,1100,29.5,2,3,2,22.51
37,Female,53,1.71,Yoga,1.13,184,156,50,881,28.1,1.7,4,2,18.13
18,Female,72.7,1.55,Cardio,0.84,172,125,56,525,29.8,2,3,1,30.26
25,Male,76.5,1.96,Strength,0.67,180,120,59,442,23.2,2.3,3,1,19.91
33,Male,113.6,1.99,Strength,1.38,169,125,58,949,28.4,3.4,2,1,28.69
31,Female,62.5,1.62,HIIT,1.56,168,169,74,1318,16.5,2.7,4,3,23.81
29,Male,95.2,1.86,Yoga,0.64,174,141,52,496,26.6,2.5,2,1,27.52
40,Male,51.7,1.82,Strength,0.9,161,160,71,792,21.4,3,3,1,15.61
32,Male,105.3,1.67,Cardio,0.57,184,143,72,448,26.9,2.9,3,1,37.76
45,Female,71.2,1.68,Strength,1.37,172,144,63,888,34.1,1.6,3,1,25.23
51,Female,78.1,1.51,Strength,0.92,193,134,74,555,31.1,2.6,3,1,34.25
19,Female,50.6,1.68,Yoga,1.21,193,145,64,877,30.6,2.1,3,2,17.93
49,Male,70.2,1.89,Yoga,0.7,194,127,51,440,29.6,2.6,3,1,19.65
40,Female,62.6,1.53,Cardio,1.93,197,143,73,1380,18.1,2.7,5,3,26.74
39,Female,60.6,1.65,HIIT,0.92,162,167,63,768,27.6,1.7,3,1,22.26
42,Male,76.4,1.97,HIIT,1.14,165,157,65,886,22.9,2.6,3,2,19.69
39,Female,63.3,1.71,Strength,1.88,178,125,56,1175,18.5,2.7,4,3,21.65
39,Female,68.6,1.64,Cardio,1.33,162,154,53,1024,32.4,1.5,3,2,25.51
59,Male,123.3,1.88,HIIT,1.3,177,161,67,1036,23,2.6,4,2,34.89
23,Male,107,1.94,HIIT,1.35,198,120,73,891,23.5,2.9,2,1,28.43
32,Male,68.3,1.92,Strength,1.42,168,165,54,1289,29.9,3.5,2,1,18.53
54,Female,47.8,1.6,Cardio,1.19,171,155,55,830,26,2.3,4,2,18.67
50,Female,58.4,1.79,HIIT,1.6,164,131,56,943,17,2.7,4,3,18.23
25,Female,74.3,1.71,Yoga,1.43,162,157,64,1123,25.6,1.6,3,2,25.41
22,Male,106.8,1.82,Yoga,1,170,130,50,715,28.2,2.3,4,2,32.24
56,Male,125.5,1.8,Strength,1.26,189,131,73,817,20.9,2.7,4,2,38.73
21,Female,55.2,1.55,Strength,1.37,163,161,53,1103,31.7,1.7,4,2,22.98
23,Female,71.4,1.72,Strength,1.25,164,169,74,1056,25.6,1.5,2,1,24.13
49,Male,77.7,1.61,Strength,1.03,160,158,50,806,26.7,3.4,3,2,29.98
47,Male,88.4,1.6,HIIT,1.86,186,126,60,1160,14.2,3.5,5,3,34.53
52,Male,104.8,1.99,Cardio,0.93,187,130,67,598,24,2,2,1,26.46
57,Male,82.2,1.69,Strength,1.15,188,155,63,882,25.2,3.4,4,2,28.78
33,Female,68.2,1.75,Strength,0.85,177,150,71,638,29,1.7,2,1,22.27
30,Male,91.4,1.99,HIIT,1.37,171,152,60,1145,23,3.7,3,2,23.08
59,Female,42.1,1.65,Strength,1.22,172,132,59,725,33,2.2,2,1,15.46
47,Female,68.7,1.76,Strength,1.37,161,137,66,845,27.7,2.4,3,2,22.18
36,Female,47.2,1.74,Cardio,1.5,196,160,53,1200,32.2,1.6,4,2,15.59
34,Male,92,1.76,Yoga,0.73,175,143,73,574,22.1,3.5,3,1,29.7
36,Male,56.2,1.95,Strength,1.09,183,128,64,767,22.5,3.4,4,2,14.78
45,Male,58.4,1.72,HIIT,1.31,194,150,65,973,23.4,3.1,4,2,19.74
43,Male,82.9,1.95,Cardio,1.9,181,160,70,1505,12.9,3.5,5,3,21.8
54,Female,66.9,1.74,HIIT,1.24,195,129,62,720,29.5,2.1,2,1,22.1
43,Male,66.3,1.85,Cardio,1.18,170,121,58,707,27.5,3.2,2,1,19.37
40,Male,93.6,1.93,Cardio,1.38,188,157,60,1192,22.1,2,3,1,25.13
26,Female,64.1,1.5,Strength,1.93,194,134,60,1293,15.1,2.7,5,3,28.49
29,Male,86.7,1.62,Strength,1.52,174,122,55,1020,13.9,3.5,4,3,33.04
18,Female,62,1.59,Strength,1.23,190,162,50,996,33.2,2.2,4,2,24.52
18,Female,58.1,1.61,Yoga,1.9,175,150,71,1425,15.3,2.7,4,3,22.41
51,Female,64.9,1.6,Yoga,1.49,169,125,55,838,31.1,2.5,4,2,25.35
49,Female,69.3,1.62,HIIT,1.14,191,122,62,626,28.8,1.9,4,2,26.41
42,Female,42.7,1.74,Strength,1.04,161,130,71,608,32.9,1.6,3,1,14.1
57,Female,51.4,1.63,Yoga,1.2,183,134,73,724,33.7,2,4,2,19.35
18,Female,67.4,1.6,Strength,0.6,182,164,71,492,33.5,2.4,3,1,26.33
33,Female,55.6,1.61,Yoga,1.77,161,147,54,1301,18.9,2.7,4,3,21.45
56,Male,125.3,1.86,Yoga,1,197,129,64,639,22.7,2.2,3,2,36.22
22,Male,102.1,1.85,Cardio,1.48,190,157,67,1278,28.1,2.4,4,2,29.83
39,Male,61.9,1.77,Strength,1.32,199,166,69,1205,25.3,2.3,3,1,19.76
46,Male,108.8,1.64,Strength,1.4,185,169,63,1171,20.5,3.4,3,1,40.45
20,Female,51.1,1.58,Yoga,0.5,188,169,64,422,29.6,1.6,2,1,20.47
29,Male,81.7,1.99,Strength,1.45,162,126,54,1005,29.4,3.2,2,1,20.63
43,Female,42.7,1.66,Yoga,0.73,173,134,53,440,33.9,1.9,2,1,15.5
33,Male,81.8,1.99,Strength,1.59,184,137,51,1198,10.5,3.5,4,3,20.66
54,Male,54.6,1.76,Cardio,1.28,160,137,56,868,27.4,3.3,4,2,17.63
39,Male,107.7,1.88,Strength,0.72,162,160,59,634,28.1,3.6,2,1,30.47
46,Female,56.9,1.6,Cardio,0.88,185,143,65,566,27.7,1.6,3,1,22.23
31,Male,78.8,1.71,HIIT,1.49,177,121,59,992,24.7,2.5,4,2,26.95
45,Female,48.2,1.64,Strength,1.25,168,159,67,894,32.1,2.5,4,2,17.92
22,Female,50.7,1.59,Strength,1.27,197,139,66,883,29.4,1.8,3,2,20.05
47,Male,86.6,1.99,Strength,1.98,182,153,70,1500,10.6,3.5,4,3,21.87
22,Male,96.3,1.63,Cardio,1.35,180,162,62,1203,27.1,2.4,4,2,36.25
29,Male,80.8,1.98,Strength,1.65,160,145,50,1316,14.6,3.5,5,3,20.61
33,Female,58,1.53,Strength,1.84,180,126,50,1159,18.3,2.7,5,3,24.78
43,Male,95.9,1.85,Yoga,1.28,186,157,64,995,27.7,3.4,2,1,28.02
43,Female,61.5,1.58,HIIT,1.86,165,149,50,1247,16.8,2.7,5,3,24.64
38,Female,40.6,1.79,Cardio,0.62,195,161,55,499,26.8,2.7,2,1,12.67
56,Male,82.5,1.87,Yoga,1.51,187,124,74,927,13.2,3.5,5,3,23.59
53,Male,105.1,1.84,Cardio,0.69,176,130,62,444,23.3,2.9,3,1,31.04
50,Female,58.1,1.58,Yoga,1.93,199,120,50,1042,19.3,2.7,5,3,23.27
47,Female,61,1.76,HIIT,1.54,162,153,54,1060,15.6,2.7,5,3,19.69
54,Female,64.5,1.53,Yoga,1.74,171,120,58,940,17.2,2.7,4,3,27.55
40,Male,58.2,1.98,Cardio,1.43,198,138,74,1085,24,2.5,3,2,14.85
27,Female,69.5,1.76,Strength,0.94,171,121,66,569,34.4,2,3,1,22.44
22,Male,62.2,1.84,Strength,0.51,161,140,65,393,21.5,2.3,3,1,18.37
53,Female,68,1.7,HIIT,1.06,181,139,57,663,25.1,2.4,4,2,23.53
51,Female,56.3,1.5,Cardio,1.43,182,142,66,914,27.4,2.4,3,1,25.02
48,Male,94.5,1.7,Cardio,1.01,189,140,64,700,28.2,3.5,3,2,32.7
27,Female,58,1.79,Cardio,1.39,164,143,73,994,27.1,1.5,2,1,18.1
36,Male,84,1.94,HIIT,1.8,168,123,50,1218,11.2,3.5,5,3,22.32
49,Male,61,1.87,Strength,1.14,180,131,61,739,21.3,3,4,2,17.44
18,Female,64.8,1.53,Yoga,1.98,170,141,54,1396,18.6,2.7,5,3,27.68
22,Male,45.7,1.77,HIIT,1.04,164,139,73,795,20.7,2.4,3,1,14.59
21,Male,80.9,1.9,Yoga,1.8,194,137,55,1356,11.7,3.5,4,3,22.41
33,Female,64.1,1.63,Strength,1.58,186,120,74,948,16.4,2.7,5,3,24.13
41,Male,67,1.77,HIIT,1.22,161,149,50,900,25.6,2.6,3,2,21.39
33,Male,106.5,1.6,Strength,1.4,183,152,74,1170,27.3,3.3,4,2,41.6
19,Male,95.1,1.85,Yoga,1.21,190,143,50,952,25.3,2.3,4,2,27.79
45,Female,65.5,1.57,Cardio,0.66,192,133,59,395,34.3,2.3,2,1,26.57
49,Male,105.7,1.64,Cardio,1.2,198,155,59,921,29.5,3.1,3,2,39.3
44,Female,48,1.76,Yoga,0.88,189,124,52,491,28.6,2.6,2,1,15.5
37,Female,69.5,1.5,Cardio,0.69,196,130,66,448,32.8,2.4,2,1,30.89
41,Male,66.1,1.69,Yoga,0.77,187,143,68,545,27.4,3.4,2,1,23.14
29,Male,68,1.7,HIIT,0.76,190,150,60,627,28.9,2.9,2,1,23.53
52,Male,50.3,1.78,HIIT,0.85,170,132,67,555,24.5,2.3,2,1,15.88
50,Female,69.3,1.68,HIIT,1.2,182,135,51,729,30.3,2,2,1,24.55
50,Male,86.7,1.63,Cardio,1.7,161,143,58,1203,12.1,3.5,4,3,32.63
54,Male,125.9,1.94,Strength,1.35,199,132,73,882,28.5,2.9,3,2,33.45
29,Male,88.1,1.93,Cardio,1.88,186,143,66,1479,11.1,3.5,5,3,23.65
20,Male,124.3,1.82,Cardio,1.25,194,145,63,997,22.4,3.2,3,2,37.53
18,Male,62,1.85,Strength,0.88,161,121,53,586,23.7,3,3,1,18.12
50,Female,69.7,1.72,Strength,1.24,198,135,66,753,27.3,2,4,2,23.56
57,Female,60.9,1.52,Strength,1.31,196,157,66,926,30.6,1.8,3,2,26.36
27,Male,76.5,1.97,Strength,1.13,180,165,61,1025,21.3,2.3,2,1,19.71
46,Male,94.7,1.82,Cardio,1.47,164,120,69,873,23.2,3.2,3,2,28.59
30,Male,67.9,1.75,Yoga,1.25,180,168,67,1155,29.1,3.1,2,1,22.17
29,Male,121.1,1.87,HIIT,1.31,188,130,52,937,24.1,3.2,4,2,34.63
48,Female,71.5,1.64,Yoga,1.46,179,154,60,1012,32.5,1.9,4,2,26.58
19,Male,98.6,1.7,Cardio,0.83,197,162,74,740,21.1,2.4,2,1,34.12
52,Female,68.2,1.63,Strength,1.17,179,148,67,779,27.5,2.4,3,1,25.67
40,Female,57.7,1.69,HIIT,1.18,184,156,53,920,33.1,2.4,4,2,20.2
34,Male,124.6,1.63,HIIT,1.41,161,136,66,1055,27.6,2.8,3,2,46.9
43,Female,73,1.59,Yoga,1.31,191,158,67,931,28.9,2.2,3,1,28.88
25,Female,59.4,1.51,Cardio,1.62,185,161,54,1304,19.8,2.7,5,3,26.05
46,Female,52,1.65,Cardio,0.7,165,147,63,463,34.1,1.9,2,1,19.1
43,Female,42.2,1.65,Cardio,1.33,162,148,59,886,34.6,2.3,3,2,15.5
27,Male,89.3,1.64,HIIT,1.82,192,162,64,1622,12.1,3.5,4,3,33.2
43,Male,110,1.76,Yoga,1.09,160,122,50,658,22,3.4,3,1,35.51
51,Female,66.2,1.58,HIIT,0.86,164,129,65,499,31.3,2.3,3,1,26.52
58,Male,58.6,1.66,HIIT,1.21,172,161,60,964,26.8,2.9,2,1,21.27
24,Male,51,1.67,Strength,0.97,178,133,72,710,21.3,2.8,3,1,18.29
21,Male,101.5,1.95,Yoga,0.97,171,131,69,699,27.9,3.1,3,1,26.69
28,Male,114.2,1.87,Strength,1.05,184,166,55,959,20.2,3.2,3,2,32.66
46,Male,54.4,1.72,Cardio,0.91,194,161,73,725,24.8,2.9,2,1,18.39
53,Female,52.4,1.57,HIIT,1.34,171,149,71,898,28.3,2.2,3,2,21.26
42,Male,85.2,1.81,Yoga,1.54,189,151,65,1151,13.7,3.5,5,3,26.01
38,Male,83.6,1.74,Cardio,1.66,164,151,51,1379,11.6,3.5,5,3,27.61
53,Male,115.4,1.92,Yoga,1.36,193,161,50,1084,28.3,2.2,4,2,31.3
27,Male,71.2,1.97,HIIT,0.74,181,151,73,615,25.9,3.6,3,1,18.35
54,Female,78.1,1.6,Yoga,1.1,198,145,73,718,32.9,2.4,4,2,30.51
26,Female,54.2,1.65,Cardio,1.07,172,120,58,642,34.9,1.9,4,2,19.91
41,Female,77.6,1.76,Strength,1.27,162,161,71,920,31.8,2.2,4,2,25.05
52,Female,44.1,1.62,HIIT,1.41,179,121,61,768,34.8,1.6,3,1,16.8
52,Male,85.5,1.8,Strength,1.7,190,136,66,1144,10.1,3.5,5,3,26.39
53,Female,47.8,1.76,HIIT,1.06,164,149,74,711,28.4,1.5,4,2,15.43
35,Male,102.5,1.94,Cardio,0.84,183,158,64,730,21.1,2.4,2,1,27.23
56,Male,118,1.9,HIIT,0.66,199,126,68,412,22.6,3.2,2,1,32.69
49,Male,82.3,1.84,Strength,1.29,192,146,71,932,28.4,3.4,4,2,24.31
41,Male,81.6,1.87,HIIT,1.87,167,128,59,1185,10.2,3.5,5,3,23.33
40,Male,60.2,1.88,Cardio,1.22,183,141,61,946,25.2,3,3,2,17.03
49,Female,49.2,1.54,HIIT,1.28,179,153,63,881,30.7,2.1,3,2,20.75
54,Female,46.6,1.5,Strength,1.38,175,165,58,1025,30.6,2,2,1,20.71
29,Female,68.7,1.72,Cardio,1.08,171,168,62,907,29.8,1.7,4,2,23.22
30,Female,60.6,1.55,Strength,1.3,172,120,52,780,32.9,1.6,3,2,25.22
40,Male,52.1,1.61,HIIT,0.87,198,128,70,612,21.3,3.3,2,1,20.1
42,Female,46.6,1.77,Yoga,0.61,184,139,63,382,28.1,2.6,2,1,14.87
52,Male,65.5,1.74,Strength,1.48,191,138,70,1011,26.2,2.8,4,2,21.63
58,Female,44.2,1.57,HIIT,1.08,183,155,59,753,31.9,2.3,3,1,17.93
47,Male,89.1,1.84,Yoga,1.44,168,159,65,1133,24,3.6,3,2,26.32
34,Male,65.9,1.62,Yoga,0.81,199,164,56,731,28.8,2.2,2,1,25.11
37,Female,55.6,1.57,Cardio,0.97,182,123,53,597,29.2,2.4,2,1,22.56
42,Male,63.7,1.98,Yoga,1.37,172,128,69,868,24,3,2,1,16.25
39,Male,86.2,1.82,Strength,1.96,191,160,72,1725,10.2,3.5,5,3,26.02
30,Female,59.2,1.63,Strength,1.85,174,141,74,1304,17.8,2.7,4,3,22.28
36,Male,85.4,1.88,Yoga,1.98,195,137,60,1492,13.5,3.5,5,3,24.16
53,Female,68.1,1.55,HIIT,1.41,164,131,65,831,26.1,2.2,4,2,28.35
29,Female,60,1.62,Strength,0.85,181,161,69,684,28.1,1.9,2,1,22.86
58,Female,74.8,1.69,Strength,1.28,175,162,53,933,32.8,2.3,4,2,26.19
36,Male,90.3,1.65,Cardio,1.38,169,158,71,1199,23.7,3.4,4,2,33.17
29,Male,86.1,1.65,HIIT,1.66,183,128,71,1169,11.2,3.5,4,3,31.63
26,Male,73.7,1.66,Yoga,0.93,177,125,72,639,26.7,2.2,2,1,26.75
24,Female,67.7,1.56,HIIT,1.42,177,138,66,980,27,2.1,3,2,27.82
45,Male,78.3,1.96,Cardio,1.29,166,167,62,1066,29,2.2,3,1,20.38
31,Female,48.2,1.65,Cardio,1.1,163,166,60,913,26.1,2.5,2,1,17.7
48,Female,56.8,1.51,HIIT,1.37,185,126,52,777,32.1,2.1,4,2,24.91
36,Male,112.4,1.63,Cardio,1.02,164,135,58,757,25,3.4,4,2,42.3
33,Female,59,1.67,Cardio,0.9,175,124,55,558,33.7,1.9,3,1,21.16
22,Male,98.4,1.88,Cardio,0.52,194,135,71,386,21.3,2.2,2,1,27.84
52,Male,66.5,1.6,HIIT,1.34,185,120,70,796,26.8,2.1,4,2,25.98
29,Male,106.5,1.81,Cardio,1.29,177,156,60,1107,25.7,2.5,4,2,32.51
42,Male,88.4,1.93,Yoga,1.68,188,158,65,1314,12.4,3.5,4,3,23.73
38,Male,88.4,1.79,Yoga,1.74,182,138,68,1321,12.5,3.5,5,3,27.59
53,Female,53.3,1.74,Strength,1.37,173,156,54,962,32.2,1.8,3,2,17.6
40,Female,58.1,1.56,Yoga,0.61,174,136,63,415,34.4,2.2,2,1,23.87
33,Female,74.2,1.76,Strength,1.15,192,145,66,834,25.9,1.5,4,2,23.95
56,Male,84.6,1.63,HIIT,1.01,184,141,52,705,20.2,2.9,4,2,31.84
59,Male,78,1.92,Cardio,0.72,180,127,53,453,28.1,2.7,3,1,21.16
56,Male,89,1.68,Yoga,1.77,176,152,65,1332,10.5,3.5,5,3,31.53
31,Female,42.7,1.76,Strength,1.46,182,121,65,883,34.9,2.2,3,1,13.78
48,Male,83.9,1.82,HIIT,1.9,176,149,70,1401,13.1,3.5,5,3,25.33
22,Female,78.7,1.52,Strength,1.45,173,166,74,1204,31.5,2.3,3,2,34.06
52,Female,65.9,1.52,Cardio,1.27,188,139,53,794,27,2.3,4,2,28.52
40,Male,76.9,1.92,Yoga,1.13,179,137,68,851,22.4,3.7,4,2,20.86
46,Male,84.3,2,HIIT,1.83,189,162,66,1467,13.3,3.5,5,3,21.07
28,Female,62.4,1.6,Strength,1.1,178,129,62,710,34.1,1.7,3,2,24.37
35,Male,63.7,1.74,HIIT,1.03,198,143,71,810,29.8,2.7,4,2,21.04
29,Female,54.9,1.52,Strength,1.48,172,123,72,910,27,2,3,1,23.76
26,Male,76.4,1.79,Strength,1.17,177,156,73,1004,21.3,2.7,3,2,23.84
27,Male,106.4,1.86,Cardio,1.34,182,123,50,907,20.6,3.1,2,1,30.76
34,Female,68.4,1.5,Cardio,1.37,192,132,61,904,33.7,2.1,4,2,30.4
55,Male,63.5,1.86,Strength,1.36,198,144,53,969,22.9,2.9,4,2,18.35
24,Female,59.4,1.5,Yoga,1.25,199,132,60,825,25,2,3,2,26.4
30,Male,113.4,1.91,HIIT,1.27,177,137,54,957,22.2,3.7,3,1,31.08
57,Female,61.9,1.52,HIIT,0.92,168,143,51,592,28.4,2.6,3,1,26.79
59,Female,70.7,1.68,Cardio,1.17,192,121,66,637,34.9,1.9,3,2,25.05
26,Male,111.5,1.9,Yoga,1.02,191,167,57,937,25.2,2.2,2,1,30.89
44,Female,72.1,1.66,Strength,1.4,176,152,55,958,27,2.5,2,1,26.16
19,Male,56.9,1.87,Cardio,0.61,178,138,70,463,23.3,3.7,3,1,16.27
22,Male,86.2,1.9,Strength,1.91,186,128,58,1345,11.7,3.5,5,3,23.88
46,Male,59.4,1.68,Strength,1.16,165,147,62,844,20.2,2.5,4,2,21.05
54,Female,75.6,1.72,Cardio,0.97,194,154,60,672,26.4,1.9,3,1,25.55
55,Female,76.3,1.73,Yoga,1.08,196,158,65,768,32,2.6,3,1,25.49
36,Male,95.8,1.86,HIIT,1.37,193,129,65,972,21.2,3.2,3,1,27.69
25,Male,120.6,1.83,Cardio,1.04,179,120,51,686,22.3,2.5,3,2,36.01
18,Female,65.3,1.55,Yoga,1.42,184,161,59,1143,28.5,2.2,3,2,27.18
39,Male,85.3,1.89,Strength,0.77,163,140,61,593,27.6,3.6,2,1,23.88
34,Male,68,1.68,Cardio,0.67,169,128,57,472,25.8,3.4,2,1,24.09
24,Female,52.6,1.57,HIIT,1.29,169,166,60,1071,31.9,2.4,2,1,21.34
42,Male,63.3,1.77,HIIT,1.32,183,134,59,876,25.7,3.3,3,2,20.2
21,Female,76.3,1.65,Strength,1.14,180,154,62,878,31.8,1.7,3,2,28.03
53,Male,61,1.63,Cardio,0.54,170,124,74,331,20,3.4,3,1,22.96
23,Female,67.8,1.61,HIIT,1.34,186,160,66,1072,34.3,1.8,2,1,26.16
48,Male,114.9,1.86,Cardio,1.36,175,141,56,949,21.1,3.6,3,1,33.21
36,Male,88,1.71,HIIT,1.87,185,160,73,1646,12,3.5,5,3,30.09
56,Female,67.7,1.58,Strength,1.45,189,142,52,927,32.7,1.9,2,1,27.12
44,Male,124.8,1.85,Strength,1.35,175,126,69,842,24.4,3.5,4,2,36.46
27,Female,53,1.58,Cardio,1.26,166,142,62,895,34.5,1.8,4,2,21.23
43,Male,61.2,1.88,Yoga,1.03,175,163,68,831,24.7,2.9,3,1,17.32
36,Female,48.7,1.68,Yoga,1.23,194,144,56,886,33.7,1.6,3,1,17.25
56,Female,50.6,1.7,Strength,1.29,175,146,58,848,33.1,2.3,2,1,17.51
20,Female,72.6,1.73,HIIT,1.27,199,160,68,1016,34.8,2.5,3,2,24.26
30,Female,70.4,1.56,Yoga,1.03,171,125,62,644,34.3,2.4,4,2,28.93
45,Male,52.5,1.88,Strength,1.08,194,153,71,818,29,2.9,4,2,14.85
37,Male,76.3,1.77,HIIT,1.36,180,128,57,957,27.3,2.1,4,2,24.35
45,Female,41.2,1.58,HIIT,1.47,195,168,71,1111,28.7,2.6,2,1,16.5
25,Female,55.3,1.76,Yoga,1.56,176,152,67,1186,15.5,2.7,4,3,17.85
58,Female,49.7,1.67,Strength,1.38,191,125,72,776,31.9,2.3,4,2,17.82
56,Male,48.3,1.87,HIIT,0.68,165,156,51,525,29.8,3.3,3,1,13.81
18,Male,83.2,1.96,HIIT,1.83,183,150,67,1510,13.6,3.5,4,3,21.66
20,Male,120.5,1.73,Cardio,1.01,186,153,67,850,29.3,3.4,3,2,40.26
30,Male,121.6,2,Cardio,1.24,179,160,60,1091,28,3.3,4,2,30.4
45,Female,73,1.75,Yoga,1.14,184,148,50,759,26.6,2,4,2,23.84
42,Female,57.5,1.67,Cardio,1.76,161,133,63,1053,16.2,2.7,5,3,20.62
50,Female,42.7,1.53,Strength,1.41,168,155,65,983,28.4,2.4,4,2,18.24
55,Male,129.9,1.73,Yoga,0.69,187,155,60,529,21.7,3.1,3,1,43.4
23,Male,108.6,1.92,Yoga,0.89,197,134,50,656,25.8,3.5,2,1,29.46
49,Male,88.6,2,Cardio,1.83,162,127,56,1150,14.9,3.5,4,3,22.15
38,Female,49.7,1.51,HIIT,1.25,179,145,65,906,32.6,2.5,3,1,21.8
33,Female,56.4,1.54,Strength,1.06,165,155,63,822,29.2,1.5,3,1,23.78
38,Male,46.9,1.74,Strength,1.03,198,167,64,946,20,2.6,4,2,15.49
28,Female,71.3,1.67,Strength,1.46,192,140,63,1022,28.1,1.5,4,2,25.57
54,Male,71.6,1.86,Yoga,1.14,160,147,70,830,25.3,2.2,3,2,20.7
53,Male,82.3,1.61,Strength,1.87,196,123,60,1139,11.6,3.5,5,3,31.75
52,Female,70.6,1.69,HIIT,1.36,165,135,65,826,26.1,2.2,3,1,24.72
36,Male,109.8,1.62,HIIT,0.84,193,141,68,651,24.4,3.5,3,1,41.84
37,Female,73.5,1.69,Cardio,0.54,174,131,66,354,27.5,1.6,2,1,25.73
35,Male,85.6,1.85,Strength,1.78,185,135,55,1322,14.5,3.5,5,3,25.01
58,Female,74.6,1.68,Yoga,1.03,173,159,60,737,26,2,4,2,26.43
31,Female,63.2,1.8,Cardio,0.59,166,157,66,463,25.5,2.6,2,1,19.51
32,Female,62.6,1.63,HIIT,1.67,190,161,58,1344,15,2.7,5,3,23.56
48,Male,87.1,1.76,Strength,1.81,183,156,67,1398,11.6,3.5,5,3,28.12
18,Male,82.3,1.84,HIIT,1.73,190,148,66,1408,13.3,3.5,5,3,24.31
20,Female,64.3,1.78,Cardio,1.71,188,137,61,1171,18.7,2.7,4,3,20.29
33,Female,53.7,1.66,HIIT,1.25,191,129,72,806,29.5,2.5,3,1,19.49
40,Male,63,2,Strength,1.42,176,161,71,1257,26.8,2.9,4,2,15.75
28,Male,128.4,1.86,Strength,1.06,173,158,71,921,23.6,3.3,4,2,37.11
29,Male,88,1.89,Cardio,1.75,199,137,54,1319,13.3,3.5,5,3,24.64
27,Female,63.7,1.52,Strength,1.19,195,120,60,714,25.4,2.1,4,2,27.57
49,Male,83.7,1.87,HIIT,1.29,183,158,53,1009,23.9,2.3,4,2,23.94
33,Male,102.6,1.75,HIIT,1.4,186,140,53,1078,27.9,2.2,3,2,33.5
25,Female,77.7,1.55,Yoga,0.55,184,120,52,330,33,1.7,2,1,32.34
55,Male,87.5,1.88,Yoga,1.19,191,134,73,789,27.2,2.6,4,2,24.76
29,Male,87,1.86,Yoga,1.52,177,123,72,1028,11,3.5,4,3,25.15
41,Male,82.8,1.66,HIIT,1.97,177,139,74,1355,11.2,3.5,5,3,30.05
45,Female,65.4,1.68,HIIT,0.76,196,129,66,441,35,2.6,3,1,23.17
25,Female,47.2,1.71,Cardio,0.89,185,142,56,632,26,2.5,2,1,16.14
45,Female,58.2,1.7,Yoga,0.95,168,160,53,684,26.8,2,3,1,20.14
53,Female,73.5,1.55,HIIT,1.17,194,153,72,806,26.3,2.1,4,2,30.59
43,Female,55.2,1.73,Cardio,1.67,167,165,62,1240,16.6,2.7,5,3,18.44
25,Female,64.4,1.71,HIIT,1.12,179,167,61,935,27.1,1.8,3,1,22.02
45,Female,73.5,1.74,Cardio,1.18,181,152,50,807,30,2.3,4,2,24.28
45,Male,89.6,1.81,Yoga,1.7,178,153,70,1287,12.4,3.5,5,3,27.35
54,Male,86.5,1.76,Yoga,1.48,189,158,68,1158,29,3.4,3,2,27.92
58,Female,46.1,1.67,Yoga,1.28,187,129,70,743,25.3,1.8,4,2,16.53
53,Male,68.5,1.97,HIIT,1.3,194,139,69,894,23.2,2.1,3,2,17.65
44,Male,94.6,1.84,HIIT,1.26,170,120,67,748,26,3.1,4,2,27.94
34,Female,54.2,1.52,Cardio,1.13,190,132,60,746,31,2.2,3,1,23.46
26,Male,47.7,1.77,Strength,1.15,198,120,69,759,24.8,2.7,3,2,15.23
50,Male,52.2,1.84,Strength,1.38,195,124,52,847,28.2,3.1,4,2,15.42
37,Male,88.8,1.95,Yoga,1.58,189,135,66,1173,10.3,3.5,5,3,23.35
30,Male,101,1.68,Strength,1.46,182,134,61,1076,28.2,2.9,4,2,35.79
45,Male,118.4,1.95,Yoga,1.06,178,168,59,881,24.9,2.4,3,2,31.14
46,Female,47.9,1.72,Cardio,1.41,171,147,57,933,26.3,2,3,1,16.19
30,Female,51.5,1.74,Strength,1.08,174,150,64,810,33.9,2,3,2,17.01
52,Female,79.9,1.51,Strength,0.75,190,142,54,479,31.5,2.6,3,1,35.04
23,Male,121.3,1.85,Yoga,0.72,196,167,53,661,21.6,3.6,2,1,35.44
35,Female,78.9,1.64,Cardio,1.28,196,164,70,1050,25.3,2.6,4,2,29.34
22,Male,88.5,1.62,Strength,1.88,174,162,69,1675,10.7,3.5,5,3,33.72
42,Male,73.5,1.63,Strength,0.52,188,136,68,350,26.1,3.2,3,1,27.66
19,Male,127.9,1.93,Strength,1.27,185,168,70,1173,21.8,3,4,2,34.34
27,Male,88.5,1.98,Cardio,1.8,161,153,53,1515,11.1,3.5,4,3,22.57
47,Female,43.4,1.62,Cardio,0.51,179,132,64,303,25.3,2.3,3,1,16.54
22,Female,42.8,1.56,Strength,1.47,174,133,66,978,32.2,2.6,3,2,17.59
50,Male,64.5,1.79,Yoga,1.17,163,130,61,753,28.1,2.4,4,2,20.13
18,Female,50.7,1.53,Yoga,1.29,181,147,52,948,33,2.1,3,2,21.66
35,Male,59.2,1.66,Strength,1.3,197,161,59,1151,21.3,3.2,3,1,21.48
49,Female,78.9,1.73,Cardio,1.38,182,151,64,938,34,2.3,2,1,26.36
28,Female,78.7,1.63,Strength,1.1,185,154,59,847,31.7,1.8,3,2,29.62
38,Male,68.7,1.92,Cardio,1.31,170,150,73,1081,29,3,4,2,18.64
43,Female,53.1,1.59,Strength,0.82,187,136,72,502,29.5,2.5,2,1,21
42,Male,64.8,1.65,Cardio,1.1,161,166,67,904,24.4,2.8,3,2,23.8
39,Female,50.3,1.61,HIIT,1.17,167,128,50,749,32.8,2.5,2,1,19.41
44,Male,102.3,1.63,Yoga,1.34,188,129,52,856,20.9,2.6,4,2,38.5
30,Male,62.9,1.92,HIIT,1.13,170,127,70,789,25.2,3.6,2,1,17.06
50,Female,56.5,1.6,Yoga,1.88,196,140,61,1184,19.2,2.7,5,3,22.07
51,Female,74.6,1.55,Cardio,0.71,177,132,50,422,33.3,2.1,2,1,31.05
58,Male,52,1.79,HIIT,1.12,173,169,52,937,29.6,3,3,1,16.23
52,Female,52.1,1.67,Yoga,1.5,169,124,52,837,32,1.5,2,1,18.68
18,Female,72.2,1.54,Strength,0.97,194,125,54,606,27.1,1.7,2,1,30.44
38,Male,85.8,1.8,Cardio,1.72,168,149,68,1410,10.1,3.5,4,3,26.48
23,Male,81.4,1.85,Cardio,1.6,194,150,74,1320,12.4,3.5,4,3,23.78
45,Female,50.9,1.65,Strength,1.45,170,136,50,887,30.1,2.3,2,1,18.7
34,Male,52,1.78,Strength,1.38,171,130,53,987,22.4,2.7,4,2,16.41
22,Male,71,1.93,Yoga,1.42,162,139,53,1086,21.2,2.9,4,2,19.06
48,Male,80.6,1.77,Cardio,1.51,198,167,66,1248,12.9,3.5,4,3,25.73
22,Female,58.3,1.72,Yoga,1,173,128,63,640,32.6,1.6,3,2,19.71
55,Female,63,1.7,Strength,1.32,187,121,67,719,34.9,2.5,3,1,21.8
20,Male,111,1.94,Cardio,1.02,170,156,50,875,27.6,3.3,4,2,29.49
40,Female,52.6,1.66,Strength,1.27,198,120,71,762,32.9,1.7,3,2,19.09
54,Male,116.4,2,Yoga,1.13,184,123,65,688,26.2,3.1,3,1,29.1
54,Female,75.6,1.61,Yoga,1.41,180,155,52,983,34.9,2.5,4,2,29.17
27,Male,61.6,1.8,Yoga,1.48,169,144,72,1172,26.4,3.1,2,1,19.01
27,Male,108,1.8,Cardio,1.38,174,122,70,926,28.6,2.5,4,2,33.33
36,Female,59.3,1.75,Strength,0.99,178,128,58,634,34.5,2.3,3,1,19.36
34,Male,75.7,1.94,Strength,1.18,181,141,72,915,29.3,2.4,4,2,20.11
38,Female,56.3,1.6,Yoga,1.21,180,142,53,859,28.8,1.9,4,2,21.99
31,Female,58.2,1.73,Yoga,1.17,191,131,70,766,25.8,1.8,3,2,19.45
26,Male,55.7,1.68,Yoga,1.13,182,129,54,802,21.7,2.9,3,1,19.73
18,Male,125.9,1.67,Yoga,1.46,172,153,60,1229,20.6,2.2,3,2,45.14
30,Female,62.7,1.67,HIIT,1.02,164,162,70,826,26.1,2.6,4,2,22.48
21,Male,86.6,1.86,HIIT,1.37,163,129,58,972,21.8,2.6,3,2,25.03
18,Male,64.5,1.82,HIIT,1.2,187,149,52,983,23.4,2.4,3,2,19.47
57,Male,76.6,1.86,Yoga,1.14,173,141,55,796,25.4,2.8,4,2,22.14
49,Male,81.4,1.83,Yoga,1.98,167,125,73,1225,13.6,3.5,5,3,24.31
51,Male,60.7,1.71,Strength,1.14,168,169,60,954,22.1,2.5,2,1,20.76
45,Female,57.2,1.55,Cardio,1.67,194,121,58,909,18.4,2.7,5,3,23.81
48,Female,73,1.59,Strength,1.19,196,149,64,798,32,2.1,3,2,28.88
25,Male,123.8,1.99,HIIT,1.13,180,121,72,752,25.6,2.6,3,1,31.26
56,Male,93.6,1.66,Strength,1.37,177,151,52,1024,29,2.2,2,1,33.97
43,Male,76.8,1.92,Yoga,1.24,192,161,50,988,21.1,2.5,3,1,20.83
51,Female,54.7,1.53,HIIT,1.11,167,135,69,674,26.8,2,4,2,23.37
20,Male,92.3,1.94,HIIT,1.14,176,131,71,821,24.3,2.1,3,2,24.52
29,Female,71.8,1.55,Cardio,1.2,190,120,68,720,26.3,2.4,4,2,29.89
18,Female,66.9,1.57,Cardio,1.07,193,127,63,679,30.7,2.2,3,2,27.14
22,Female,48.7,1.76,HIIT,1.37,165,167,66,1144,29,2.2,4,2,15.72
47,Male,66.2,1.71,HIIT,1.42,181,169,71,1188,22.8,2.9,3,1,22.64
47,Female,40,1.76,Strength,0.8,173,132,63,475,26.7,2.2,3,1,12.91
34,Male,112.4,1.85,HIIT,1.18,162,134,66,870,23.4,3.6,4,2,32.84
40,Female,70,1.55,Yoga,0.85,171,163,74,693,31.1,1.5,3,1,29.14
32,Male,84,1.74,Strength,1.45,195,127,63,1013,25.8,2.1,3,1,27.74
54,Female,43.8,1.65,Yoga,1.29,171,129,61,749,26.6,1.7,4,2,16.09
38,Male,123.3,1.62,Yoga,1.34,161,165,65,1216,21.2,2.3,4,2,46.98
31,Female,57.9,1.56,Yoga,1.8,161,124,50,1116,15.1,2.7,5,3,23.79
19,Male,82.4,1.96,HIIT,1.9,174,169,62,1766,10.1,3.5,5,3,21.45
28,Male,84.8,1.79,Cardio,1.35,182,138,55,1025,28.8,2.3,4,2,26.47
56,Male,109.6,1.66,Cardio,1.29,188,166,66,1060,20.5,3.1,3,2,39.77
55,Male,86.4,1.77,Yoga,1,176,157,61,777,27.3,2.8,3,2,27.58
51,Female,63.9,1.8,HIIT,1.07,191,130,72,626,33.7,2.7,4,2,19.72
55,Female,70.8,1.62,Strength,0.54,166,162,68,394,26,1.8,3,1,26.98
51,Male,115.3,1.67,Yoga,1.38,189,139,55,950,24.4,2.5,3,2,41.34
35,Female,55.3,1.56,Strength,1.71,187,139,56,1188,19.8,2.7,5,3,22.72
47,Male,73.9,1.8,Strength,1.36,173,140,50,942,28.3,3.7,3,1,22.81
32,Male,97.3,1.96,HIIT,1.36,189,137,50,1025,24.9,3.4,3,2,25.33
44,Female,60.4,1.65,HIIT,1.27,176,169,54,966,32.6,2.1,4,2,22.19
51,Male,49.3,1.61,Cardio,1.36,191,129,55,868,28.3,2.9,2,1,19.02
55,Male,91.8,1.78,Cardio,1.44,165,153,65,1091,23.5,3.4,3,1,28.97
50,Female,73.6,1.55,HIIT,0.89,183,145,74,581,33.9,2.1,3,1,30.63
41,Male,47.1,1.78,Yoga,1.26,165,149,65,929,24.7,2.4,3,1,14.87
32,Male,65.2,1.62,Cardio,0.58,186,128,63,408,25.3,3.4,2,1,24.84
47,Male,87.2,1.64,Strength,2,177,165,50,1634,15,3.5,4,3,32.42
59,Male,96.7,1.71,Yoga,0.57,183,150,62,423,28.4,2.9,3,1,33.07
34,Female,46.9,1.61,Strength,1.02,196,161,69,821,28.6,1.7,3,2,18.09
22,Female,72.1,1.62,HIIT,1.38,183,123,59,849,25.1,2.1,3,1,27.47
46,Female,62.5,1.54,Strength,1.61,197,125,73,906,18.1,2.7,4,3,26.35
21,Male,110.7,1.69,Yoga,1.06,193,133,59,775,27,2.7,3,1,38.76
27,Male,102.6,1.83,HIIT,1.41,199,123,58,954,26.5,3.5,3,2,30.64
34,Female,64.3,1.62,Yoga,1.76,174,145,62,1276,19.8,2.7,5,3,24.5
27,Male,80.7,1.61,Strength,1.75,170,166,52,1598,14.3,3.5,4,3,31.13
34,Male,115.3,1.81,Yoga,1.36,181,167,67,1249,24.5,2.2,2,1,35.19
37,Male,87.8,1.69,HIIT,1.81,183,158,69,1573,10.3,3.5,5,3,30.74
41,Male,74.3,1.61,Strength,1.06,160,136,51,714,24.8,3.5,4,2,28.66
22,Female,78.5,1.7,Strength,1.36,177,138,66,938,31.9,2.1,4,2,27.16
51,Female,77.3,1.58,Cardio,0.97,171,168,68,733,31.1,2,2,1,30.96
23,Female,64.5,1.7,Cardio,0.51,187,125,72,319,30.4,1.7,2,1,22.32
19,Male,72,1.94,Yoga,1.17,199,148,62,952,24.7,3.2,3,2,19.13
30,Female,77.9,1.77,Cardio,1.41,166,130,62,916,27.9,2.6,4,2,24.87
28,Female,69.6,1.58,Cardio,1.49,182,135,50,1006,27.8,2,3,2,27.88
40,Male,68.9,1.99,Cardio,1.16,180,149,51,951,25,2.4,4,2,17.4
33,Male,45.9,1.89,Cardio,1.45,193,144,50,1148,21.6,2.9,3,2,12.85
48,Female,68.2,1.69,HIIT,0.75,170,159,73,537,28.4,2.5,3,1,23.88
28,Female,79.6,1.59,HIIT,1.49,181,130,54,968,28.2,1.5,3,2,31.49
33,Female,53.6,1.52,Cardio,1.02,194,126,73,643,30.9,2.3,2,1,23.2
25,Female,57.7,1.58,Yoga,1.36,188,145,52,986,25.7,2.2,3,2,23.11
21,Male,74.2,1.93,HIIT,1.32,187,141,56,1024,28.3,2.5,3,2,19.92
57,Female,64.4,1.56,Cardio,1.52,177,144,73,985,17.8,2.7,5,3,26.46
21,Female,54.9,1.78,HIIT,0.55,173,138,71,380,31.7,2,2,1,17.33
42,Male,50.3,1.64,Strength,0.63,177,150,62,468,27,2.4,3,1,18.7
20,Female,46.5,1.68,HIIT,0.91,187,145,72,660,27.9,2.4,2,1,16.48
49,Male,57.8,1.99,HIIT,0.93,183,161,67,741,24.7,3.1,3,1,14.6
20,Male,83,1.8,Yoga,0.79,167,160,73,695,29.6,2.9,2,1,25.62
44,Male,82.5,1.79,HIIT,1.51,167,155,70,1159,13.8,3.5,5,3,25.75
46,Female,66.5,1.73,Yoga,1.11,163,142,56,709,34.7,2,3,1,22.22
49,Female,70.2,1.67,Strength,0.93,186,166,50,695,32.5,1.8,3,1,25.17
36,Male,121.9,1.93,Cardio,1.49,195,132,54,1082,21.8,3.4,3,2,32.73
38,Female,70.3,1.52,Yoga,1.19,164,144,66,857,25.6,2,4,2,30.43
22,Female,40.3,1.56,HIIT,1.45,192,121,57,877,30.8,2.1,4,2,16.56
35,Male,101.4,1.76,HIIT,0.84,193,121,64,559,23.6,2.9,2,1,32.74
45,Male,79.2,1.95,Yoga,1.47,189,135,69,982,22.8,2.8,3,2,20.83
59,Female,75.8,1.77,Strength,1.46,167,128,53,841,33.1,1.8,3,1,24.19
39,Male,71.7,1.88,Cardio,0.55,198,147,51,445,23.7,2.2,2,1,20.29
38,Female,57.7,1.56,HIIT,1.64,185,132,54,1082,16.6,2.7,5,3,23.71
23,Female,47.4,1.6,Strength,0.76,196,154,50,585,33.5,1.6,3,1,18.52
18,Female,57.2,1.75,Cardio,1.29,193,160,74,1032,33.5,2.4,3,2,18.68
22,Female,44.8,1.72,Cardio,1.48,166,132,54,977,28.6,1.8,4,2,15.14
58,Male,90.2,1.72,HIIT,0.9,199,150,55,668,28.3,2.1,2,1,30.49
29,Male,84.9,1.72,Yoga,1.79,187,140,51,1378,14.3,3.5,4,3,28.7
43,Male,95.7,1.77,HIIT,1.08,198,151,50,807,24.2,3.4,3,1,30.55
51,Male,59,1.65,HIIT,1.22,198,153,53,924,20.7,2.3,3,2,21.67
31,Female,60.5,1.77,HIIT,1.72,187,127,56,1092,15,2.7,4,3,19.31
43,Female,53.8,1.72,Strength,1.03,173,160,71,742,30.2,2.3,4,2,18.19
44,Male,86.6,1.97,Yoga,1.66,197,167,50,1372,11.7,3.5,5,3,22.31
26,Female,72.8,1.67,Strength,1.37,163,121,50,829,35,1.9,2,1,26.1
43,Female,66.3,1.77,HIIT,1.48,177,157,57,1046,32.7,1.7,4,2,21.16
39,Female,56,1.6,Yoga,0.89,184,151,69,672,32.6,2,2,1,21.87
47,Male,45.9,1.93,Cardio,1.29,166,159,65,1015,29.6,2,3,2,12.32
34,Male,88,1.64,Yoga,1.9,197,147,70,1536,14.4,3.5,4,3,32.72
43,Male,94,1.79,HIIT,1.31,187,156,62,1012,23.2,3.4,2,1,29.34
53,Female,44.7,1.79,Yoga,1.34,164,160,72,965,26.7,2.1,3,2,13.95
18,Male,63.2,1.63,Cardio,0.66,162,120,73,436,27.5,2.2,3,1,23.79
25,Male,95.6,1.9,Cardio,1.47,190,160,72,1294,23.8,2.4,4,2,26.48
52,Male,47.8,1.86,Yoga,1.01,179,129,67,645,24.7,2.8,3,2,13.82
32,Male,85.3,1.64,Cardio,1.77,178,123,69,1197,13.2,3.5,4,3,31.71
39,Male,59.7,1.83,Strength,1.35,170,154,59,1143,29.1,2.3,4,2,17.83
31,Male,70.2,1.98,Yoga,0.71,199,129,61,504,24.2,2.5,2,1,17.91
43,Female,72.7,1.8,Cardio,0.79,162,166,50,590,32.8,2.1,3,1,22.44
45,Female,50.4,1.79,Cardio,0.74,182,130,59,433,27.7,2.5,2,1,15.73
40,Male,81.7,1.74,Yoga,0.91,166,133,58,666,27,2.7,2,1,26.99
31,Male,49.3,1.62,Strength,0.56,182,157,52,484,20,3.2,2,1,18.79
41,Female,61.9,1.64,Yoga,1.93,166,131,68,1138,19.4,2.7,4,3,23.01
19,Female,49.1,1.68,Cardio,1.42,193,164,58,1164,25.3,2.6,4,2,17.4
43,Male,66.5,1.83,Yoga,1.11,178,136,59,747,27.1,2.4,3,2,19.86
31,Male,75.5,1.93,Cardio,0.6,168,135,68,446,20.5,3.4,2,1,20.27
24,Male,88.2,1.79,HIIT,1.76,177,154,65,1491,11.3,3.5,4,3,27.53
20,Male,74.8,1.75,Yoga,1.33,184,121,73,885,25,3.3,3,2,24.42
40,Female,72.2,1.6,Yoga,0.87,173,130,67,566,29.2,1.9,3,1,28.2
35,Male,62.8,1.63,Cardio,1.41,184,160,63,1241,21.9,3.7,4,2,23.64
55,Male,84.7,1.79,Cardio,1.19,178,122,52,719,23.3,2.4,3,2,26.43
52,Male,116.5,1.69,Cardio,0.53,198,148,51,388,27.3,2.4,2,1,40.79
32,Male,77.4,1.92,Cardio,1.39,174,137,50,1047,26.7,3.3,3,2,21
42,Female,72.9,1.62,Yoga,1.17,175,139,67,732,25.7,2,4,2,27.78
54,Female,58.4,1.59,Cardio,1.08,186,166,73,807,32.5,1.9,2,1,23.1
45,Female,64.3,1.54,Yoga,1.67,199,133,58,999,15.3,2.7,4,3,27.11
27,Male,89.3,1.87,Strength,1.62,169,153,62,1363,12.7,3.5,5,3,25.54
56,Male,90.2,1.61,Yoga,1.38,163,168,51,1148,22.6,2.3,3,2,34.8
34,Female,59,1.62,Cardio,1.13,178,150,56,847,30.9,2.4,4,2,22.48
56,Male,58.7,1.86,Cardio,1.09,187,159,65,858,22.6,3.3,3,2,16.97
39,Male,127.5,1.82,Strength,1.26,180,161,70,1116,29.8,3,3,2,38.49
43,Female,68.6,1.52,Yoga,1.42,173,137,68,875,28.1,2.6,4,2,29.69
42,Female,56.7,1.53,Strength,1.07,192,149,74,717,27.4,1.9,3,1,24.22
34,Female,64.5,1.78,Yoga,1.33,169,144,64,958,27.8,1.8,4,2,20.36
30,Female,61.6,1.52,Cardio,1.78,178,138,71,1228,19.5,2.7,4,3,26.66
37,Male,75.1,1.82,Yoga,1.23,189,127,60,859,26.4,3.2,4,2,22.67
42,Male,79.3,1.93,Cardio,1.22,181,147,50,888,27.3,3.3,2,1,21.29
21,Female,72.6,1.68,Cardio,1.19,162,127,70,756,34.2,1.8,3,2,25.72
27,Male,76.7,1.7,HIIT,0.96,196,150,56,792,29.1,2.1,3,1,26.54
20,Female,44.2,1.61,HIIT,1.08,177,122,69,659,32.4,2.5,2,1,17.05
58,Female,56.5,1.7,Yoga,0.74,170,122,57,406,27,2.7,2,1,19.55
35,Male,100.9,1.63,Cardio,1.1,161,163,59,986,28.4,3.1,2,1,37.98
53,Female,55.8,1.55,Strength,1.12,171,141,54,711,27,1.8,4,2,23.23
39,Male,58.3,1.93,Cardio,1.35,165,136,58,1010,27.4,3.7,4,2,15.65
51,Male,48.6,1.77,Strength,1.47,199,155,74,1128,26.9,3.5,2,1,15.51
25,Male,81.7,1.95,Yoga,1.94,188,136,74,1451,13.8,3.5,4,3,21.49
57,Male,85.6,1.69,Yoga,1.76,189,133,50,1159,12.7,3.5,5,3,29.97
36,Female,60,1.72,Strength,1.63,161,128,51,1043,18.2,2.7,5,3,20.28
59,Male,126.4,1.69,Strength,1.24,168,149,68,915,29.5,2.9,3,1,44.26
58,Female,75.4,1.78,Cardio,1.05,161,140,63,662,26,2.5,4,2,23.8
54,Female,64.2,1.69,Yoga,1.69,188,131,69,996,16.5,2.7,4,3,22.48
23,Female,65.2,1.62,Cardio,1.37,192,156,59,1069,31.1,2.5,3,2,24.84
43,Female,70.1,1.66,Strength,0.99,169,151,58,673,34.6,2.6,2,1,25.44
51,Male,102.6,1.77,HIIT,1.21,193,130,59,779,21,3.4,2,1,32.75
23,Male,107.2,1.93,HIIT,1.15,167,139,55,879,20.2,3.1,4,2,28.78
54,Female,56.5,1.75,HIIT,1.76,196,154,66,1220,15.3,2.7,5,3,18.45
50,Female,61.6,1.75,Strength,1.22,192,166,74,911,25.5,2.2,4,2,20.11
39,Male,81.7,1.75,Cardio,1.32,165,165,55,1198,29.1,2.8,4,2,26.68
38,Female,76.6,1.58,Yoga,0.74,199,130,53,481,32.2,2.3,2,1,30.68
23,Male,116.8,1.79,Strength,1,178,127,69,698,26.8,3.4,4,2,36.45
23,Female,60.1,1.59,HIIT,1.8,191,123,52,1107,17.6,2.7,4,3,23.77
21,Male,93.7,1.73,Cardio,1,186,146,72,803,27.8,3.6,2,1,31.31
47,Female,41.6,1.58,Yoga,1.03,160,163,68,756,26.6,2.1,4,2,16.66
28,Female,55.1,1.79,Yoga,1.99,192,159,67,1582,17,2.7,5,3,17.2
47,Male,127.1,1.76,Strength,0.71,199,157,73,552,24.9,3,2,1,41.03
48,Female,69.1,1.6,Strength,1.34,191,166,53,1001,26.1,2,4,2,26.99
41,Female,66.8,1.74,Yoga,1.34,164,149,57,898,29.2,2.3,3,1,22.06
26,Male,125.5,1.76,Yoga,1.15,176,163,66,1031,23.2,3.1,4,2,40.52
20,Female,71.3,1.58,HIIT,1.07,167,167,54,893,25.4,1.5,3,2,28.56
48,Male,129.2,1.61,Yoga,1.06,193,167,62,876,21.4,2.9,4,2,49.84
57,Male,96.3,1.86,Strength,1.1,168,146,74,795,27.6,2.2,3,2,27.84
54,Female,67.5,1.54,Cardio,0.72,182,140,50,454,25.2,1.5,3,1,28.46
53,Female,64.4,1.55,HIIT,1.77,194,139,62,1107,19.7,2.7,4,3,26.81
41,Female,64.9,1.57,HIIT,1.04,166,123,53,576,25.9,2.4,4,2,26.33
48,Female,52.3,1.66,Yoga,0.74,174,130,71,433,33,1.8,3,1,18.98
23,Female,56.7,1.55,Cardio,1.38,179,132,73,911,34,1.9,4,2,23.6
19,Female,46.8,1.63,HIIT,1.35,184,128,63,864,34.4,1.6,4,2,17.61
37,Female,70.3,1.77,Strength,1.01,162,123,52,621,33.7,1.7,2,1,22.44
45,Male,80.8,1.76,Yoga,1.7,183,131,54,1102,11.4,3.5,4,3,26.08
28,Female,56,1.5,Strength,1.94,193,128,56,1242,16.7,2.7,5,3,24.89
21,Male,101.2,1.84,Yoga,1.3,181,132,50,944,24.3,3.3,2,1,29.89
32,Female,56.6,1.57,HIIT,1.65,170,167,72,1378,15.7,2.7,4,3,22.96
23,Female,40.9,1.75,Yoga,0.82,167,145,61,594,25.2,2.1,3,1,13.36
47,Male,127.8,1.65,Cardio,0.77,198,157,60,598,28.7,3.5,2,1,46.94
55,Female,49.3,1.76,Strength,1.28,194,161,73,927,30.5,2,2,1,15.92
19,Female,64.3,1.63,Cardio,1.87,197,132,57,1234,18,2.7,5,3,24.2
32,Male,49.3,1.62,Strength,1.18,167,158,74,1025,29.3,2.5,3,2,18.79
28,Female,63,1.62,Strength,0.68,196,147,55,500,31.7,1.9,2,1,24.01
25,Female,41.1,1.67,Yoga,1.03,186,138,71,711,31.9,2.4,3,2,14.74
43,Female,40.5,1.74,HIIT,1.5,187,143,51,965,32.9,2.2,3,2,13.38
22,Male,71,1.62,HIIT,0.91,199,138,68,691,21.2,3.5,2,1,27.05
23,Female,60.9,1.62,Cardio,1.59,193,168,69,1336,16.8,2.7,5,3,23.21
43,Female,64.7,1.66,Yoga,1.88,191,132,69,1117,19.8,2.7,4,3,23.48
21,Female,51,1.71,HIIT,1.07,174,132,73,706,34.2,2.2,3,2,17.44
36,Female,57.7,1.77,Strength,1.65,176,147,63,1213,19.4,2.7,4,3,18.42
37,Male,76.9,1.82,Strength,1.49,192,121,50,992,24.5,2.8,4,2,23.22
50,Male,80.5,1.77,Yoga,1.85,175,129,59,1181,14.3,3.5,4,3,25.7
37,Female,73.3,1.74,Cardio,1.03,188,141,65,726,25.5,2.4,3,2,24.21
29,Female,49,1.57,Yoga,1.33,168,132,53,878,26.5,2.6,3,2,19.88
18,Male,114.5,1.97,Cardio,1.03,192,128,60,725,24.1,2.6,3,1,29.5
43,Male,81,1.78,Yoga,1.58,188,152,65,1189,12.4,3.5,5,3,25.56
31,Female,53.5,1.76,Strength,1.22,172,133,69,811,27.6,1.8,4,2,17.27
55,Male,52.1,1.68,Yoga,0.77,180,167,50,637,23.6,3,3,1,18.46
54,Female,70.1,1.52,HIIT,0.76,180,139,65,475,26.6,2.1,2,1,30.34
28,Male,86.9,1.78,HIIT,1.29,164,134,68,951,24.9,3.7,4,2,27.43
53,Male,73.4,1.76,Yoga,1.09,169,151,70,815,27.9,2.8,3,2,23.7
30,Male,90,1.66,Cardio,1.32,165,152,71,1104,26.6,2.1,4,2,32.66
20,Male,85.7,1.92,Cardio,1.72,172,136,58,1287,10.5,3.5,5,3,23.25
50,Female,70.4,1.55,Strength,0.73,160,143,58,470,29.9,2.7,2,1,29.3
23,Male,57.7,1.71,Strength,1.15,179,149,58,942,27,3.4,3,2,19.73
27,Male,75.7,1.76,Cardio,0.68,167,132,66,494,25.3,2.3,3,1,24.44
22,Female,61.8,1.52,Yoga,1.83,169,166,61,1519,17,2.7,5,3,26.75
40,Male,80.3,1.76,Strength,1.63,168,167,74,1497,13.1,3.5,5,3,25.92
27,Male,104.3,1.68,Cardio,1.28,162,135,62,950,29.7,3.5,3,2,36.95
19,Female,65.7,1.58,Cardio,1.46,170,121,57,883,25.9,1.9,3,2,26.32
30,Male,120.3,1.96,Yoga,0.66,171,136,65,494,23.9,2.6,2,1,31.32
57,Female,51.9,1.57,HIIT,1.05,169,151,67,713,29.1,2.6,3,2,21.06
19,Female,59.1,1.57,Cardio,1.65,184,162,50,1336,17.9,2.7,5,3,23.98
37,Female,66.9,1.75,Strength,1.38,184,127,50,876,26.5,2.1,4,2,21.84
18,Female,66.9,1.75,Yoga,0.94,170,122,61,573,26.8,1.7,2,1,21.84
54,Male,78.7,1.66,Yoga,1.42,195,131,55,921,22.9,2.6,3,2,28.56
26,Female,62.4,1.61,Yoga,1.88,198,139,58,1307,19.8,2.7,4,3,24.07
34,Male,102.1,1.71,HIIT,0.96,185,135,72,713,27.3,3.2,2,1,34.92
26,Male,51.9,2,HIIT,0.75,173,133,54,549,26.6,2.3,2,1,12.97
28,Male,58.3,2,Strength,1.32,198,135,65,980,28.2,3,4,2,14.57
32,Male,89.8,1.92,Strength,1.93,199,168,67,1783,10.6,3.5,4,3,24.36
41,Male,101.1,1.83,Yoga,0.79,160,162,66,634,28.6,3.2,2,1,30.19
55,Male,118.6,1.72,Strength,0.77,163,168,67,640,25.9,2.6,3,1,40.09
52,Male,84.8,1.85,Cardio,1.19,189,152,50,895,23.4,3.2,2,1,24.78
47,Male,80,1.77,HIIT,0.72,171,149,68,531,28.2,3.5,3,1,25.54
48,Male,73.1,1.83,Yoga,1.05,194,131,71,681,28,2.8,4,2,21.83
22,Male,117.3,1.68,Yoga,1.24,172,134,57,914,28.5,2.7,3,2,41.56
31,Female,77.4,1.71,Cardio,1.26,190,137,52,863,26.2,1.8,4,2,26.47
28,Female,72.9,1.67,Cardio,1.13,197,147,74,831,34.7,2.2,3,2,26.14
26,Female,71.2,1.5,Cardio,1.15,182,142,54,816,34.6,2.6,2,1,31.64
51,Male,88.2,1.62,Cardio,1.56,163,133,72,1027,11.8,3.5,4,3,33.61
29,Female,75.6,1.8,Yoga,1.31,175,149,57,976,25.7,1.9,4,2,23.33
52,Female,57.9,1.56,HIIT,1.66,166,152,68,1135,15.8,2.7,4,3,23.79
52,Female,70.6,1.58,HIIT,1.02,181,164,67,753,34.9,2,3,2,28.28
18,Male,118.6,1.64,Cardio,0.94,188,134,67,693,25.6,2.7,3,1,44.1
57,Male,55.7,1.99,Strength,1.13,170,126,70,705,23.6,3,3,2,14.07
39,Male,102.3,1.94,Yoga,0.89,192,134,50,656,22.9,2.4,3,1,27.18
46,Male,72.6,1.87,HIIT,1.31,188,161,64,1044,22.6,3.4,4,2,20.76
25,Female,63.8,1.68,Cardio,0.95,198,165,67,784,31.6,1.9,2,1,22.6
28,Female,67.3,1.67,Strength,0.61,171,157,74,479,29.2,2.3,3,1,24.13
58,Female,59.3,1.58,Strength,1.97,166,165,56,1463,19.8,2.7,4,3,23.75
54,Female,70.7,1.57,Cardio,1.14,198,163,65,836,31.8,2.1,3,1,28.68
31,Male,86.9,1.69,Yoga,1.72,185,130,65,1230,14,3.5,4,3,30.43
47,Male,98.2,1.9,HIIT,0.76,199,148,64,557,22.9,3,3,1,27.2
52,Male,63.6,1.62,Strength,1.3,168,150,55,965,20.8,2.3,4,2,24.23
38,Female,45.2,1.68,HIIT,1.01,193,144,58,727,29.9,2.4,3,2,16.01
54,Male,117.2,1.62,HIIT,1.04,172,143,56,736,23.1,2.3,4,2,44.66
22,Male,107.4,1.74,Strength,1.34,195,138,63,1017,22,2.2,2,1,35.47
36,Female,59.1,1.78,Cardio,0.85,184,121,60,514,34.5,2.2,2,1,18.65
31,Female,53.3,1.64,Strength,0.57,183,141,70,402,29.4,2.4,3,1,19.82
43,Male,46.2,1.63,Strength,1.18,176,139,65,812,21.7,2.1,2,1,17.39
21,Male,67,1.61,Yoga,1.32,161,152,74,1104,22,2.1,3,2,25.85
42,Male,86.3,1.77,HIIT,1.77,172,127,55,1113,11.4,3.5,4,3,27.55
59,Male,85.5,1.67,Cardio,1.99,190,144,71,1418,15,3.5,5,3,30.66
42,Male,70.2,1.87,HIIT,1.38,188,165,65,1127,22.7,3.4,3,2,20.07
35,Male,127.1,1.62,Strength,1.02,187,128,69,718,23.3,3.4,4,2,48.43
57,Female,75.6,1.67,Cardio,1.05,186,153,65,723,31.6,1.8,3,2,27.11
25,Female,62.6,1.65,Cardio,1.2,174,142,61,852,27.9,2.2,3,1,22.99
56,Female,55.7,1.53,Cardio,1.91,190,124,66,1066,16.1,2.7,5,3,23.79
57,Male,96.1,1.74,Cardio,1.21,199,144,54,862,21.6,2.8,3,2,31.74
31,Female,76.7,1.62,Yoga,1.39,174,127,74,883,28.1,2.3,4,2,29.23
49,Male,57.2,1.89,Cardio,1.14,192,135,62,762,21.1,3.5,2,1,16.01
55,Male,69.9,1.81,Strength,1.2,179,167,57,992,20.2,2.1,4,2,21.34
50,Female,67.9,1.77,Yoga,1.03,171,164,73,760,33,2.4,3,2,21.67
40,Male,87.9,1.87,Strength,1.96,196,134,54,1445,10.7,3.5,5,3,25.14
32,Male,102.8,1.98,Strength,1.24,168,120,61,818,27.8,2.8,3,2,26.22
50,Female,51.8,1.5,HIIT,1.32,182,141,58,838,33,2.2,3,1,23.02
42,Female,57.7,1.57,Cardio,1.83,167,122,52,1005,17.7,2.7,4,3,23.41
34,Female,66.5,1.69,Cardio,0.81,191,157,52,636,28.1,2.3,3,1,23.28
50,Male,95.4,1.61,Strength,1.16,173,133,50,764,21.5,3.6,4,2,36.8
19,Female,69.2,1.6,Cardio,1.17,186,155,74,907,32.4,1.6,3,1,27.03
31,Female,66.6,1.67,Yoga,1.02,184,137,71,699,31,1.5,4,2,23.88
57,Male,83.4,1.65,HIIT,1.57,172,166,67,1290,13.3,3.5,4,3,30.63
57,Female,43.8,1.75,Cardio,1.39,180,160,73,1001,25.1,1.7,2,1,14.3
56,Female,64.2,1.69,Cardio,1.99,190,137,61,1227,19.6,2.7,5,3,22.48
23,Female,44.1,1.62,Yoga,0.58,196,122,58,354,25.7,2.7,2,1,16.8
23,Male,87.3,1.91,HIIT,1.87,164,129,58,1327,11.8,3.5,5,3,23.93
20,Male,55,1.6,Yoga,1.12,172,168,67,1035,24,3.2,4,2,21.48
24,Male,87.1,1.74,Strength,1.57,187,158,67,1364,10,3.5,4,3,28.77
25,Male,66.6,1.61,Strength,1.38,184,166,56,1260,25,3,2,1,25.69
59,Female,60.4,1.76,Cardio,1.72,194,120,53,929,18.8,2.7,5,3,19.5
32,Male,126.4,1.83,HIIT,1.1,198,146,62,883,28.2,2.1,3,2,37.74
46,Male,88.7,1.63,Strength,0.75,166,146,66,542,28.8,3.5,2,1,33.38
